timestamp,logged_in_users,fullness_percentage,total_gb,used_gb,free_gb,ram_total,ram_used,ram_free,ram_percentage,cpu_percentage
2025-07-21 08:22:42,2,83,489.68,408.12,81.55,16.72,14.69,2.03,88,31
2025-07-21 08:22:42,2,83,489.68,408.12,81.55,16.72,14.7,2.02,88,21
2025-07-21 08:22:43,2,83,489.68,408.12,81.55,16.72,14.72,2.0,88,51
2025-07-21 08:22:43,2,83,489.68,408.12,81.55,16.72,14.8,1.91,89,46
2025-07-21 08:22:45,2,83,489.68,408.12,81.55,16.72,15.09,1.63,90,46
2025-07-21 08:22:45,2,83,489.68,408.11,81.56,16.72,15.15,1.57,91,28
2025-07-21 08:22:46,2,83,489.68,408.11,81.56,16.72,15.13,1.59,90,20
2025-07-21 08:22:46,2,83,489.68,408.11,81.56,16.72,15.14,1.58,91,25
2025-07-21 08:22:47,2,83,489.68,408.11,81.56,16.72,15.15,1.56,91,24
2025-07-21 08:22:47,2,83,489.68,408.11,81.56,16.72,15.13,1.59,90,34
2025-07-21 08:22:48,2,83,489.68,408.11,81.56,16.72,15.11,1.61,90,25
2025-07-21 08:22:48,2,83,489.68,408.12,81.55,16.72,15.12,1.6,90,31
2025-07-21 08:22:49,2,83,489.68,408.12,81.55,16.72,15.1,1.62,90,32
2025-07-21 08:22:49,2,83,489.68,408.12,81.55,16.72,15.12,1.6,90,28
2025-07-21 08:22:50,2,83,489.68,408.12,81.55,16.72,15.14,1.58,91,28
2025-07-21 08:22:50,2,83,489.68,408.12,81.55,16.72,15.12,1.59,90,18
2025-07-21 08:22:51,2,83,489.68,408.12,81.55,16.72,15.11,1.61,90,37
2025-07-21 08:22:51,2,83,489.68,408.12,81.55,16.72,15.12,1.6,90,32
2025-07-21 08:22:52,2,83,489.68,408.12,81.55,16.72,15.12,1.6,90,36
2025-07-21 08:22:52,2,83,489.68,408.12,81.55,16.72,15.08,1.64,90,23
2025-07-21 08:22:53,2,83,489.68,408.12,81.55,16.72,15.04,1.67,90,28
2025-07-21 08:22:53,2,83,489.68,408.12,81.55,16.72,15.05,1.67,90,18
2025-07-21 08:22:54,2,83,489.68,408.12,81.55,16.72,15.0,1.72,90,23
2025-07-21 08:22:54,2,83,489.68,408.12,81.55,16.72,15.1,1.61,90,34
2025-07-21 08:22:55,2,83,489.68,408.12,81.55,16.72,15.14,1.58,90,28
2025-07-21 08:22:55,2,83,489.68,408.12,81.55,16.72,15.14,1.58,91,39
2025-07-21 08:22:56,2,83,489.68,408.12,81.55,16.72,15.3,1.42,92,60
2025-07-21 08:22:57,2,83,489.68,408.13,81.55,16.72,15.47,1.25,92,66
2025-07-21 08:22:57,2,83,489.68,408.13,81.55,16.72,15.32,1.4,92,61
2025-07-21 08:22:58,2,83,489.68,408.13,81.55,16.72,15.31,1.41,92,51
2025-07-21 08:22:58,2,83,489.68,408.13,81.55,16.72,15.3,1.42,92,38
2025-07-21 08:22:59,2,83,489.68,408.13,81.55,16.72,15.21,1.5,91,54
2025-07-21 08:22:59,2,83,489.68,408.13,81.55,16.72,15.03,1.68,90,31
2025-07-21 08:23:00,2,83,489.68,408.13,81.55,16.72,15.05,1.67,90,28
2025-07-21 08:23:00,2,83,489.68,408.13,81.55,16.72,15.03,1.69,90,20
2025-07-21 08:23:01,2,83,489.68,408.16,81.51,16.72,15.04,1.68,90,49
2025-07-21 08:23:01,2,83,489.68,408.16,81.51,16.72,15.04,1.68,90,60
2025-07-21 08:23:02,2,83,489.68,408.16,81.51,16.72,14.94,1.78,89,47
2025-07-21 08:23:02,2,83,489.68,408.16,81.51,16.72,14.93,1.79,89,29
2025-07-21 08:23:03,2,83,489.68,408.13,81.55,16.72,14.92,1.79,89,46
2025-07-21 08:23:03,2,83,489.68,408.13,81.55,16.72,15.0,1.71,90,41
2025-07-21 08:23:04,2,83,489.68,408.13,81.55,16.72,15.15,1.57,91,60
2025-07-21 08:23:04,2,83,489.68,408.13,81.54,16.72,15.14,1.58,91,36
2025-07-21 08:23:05,2,83,489.68,408.13,81.54,16.72,15.12,1.6,90,48
2025-07-21 08:23:05,2,83,489.68,408.13,81.54,16.72,15.17,1.55,91,37
2025-07-21 08:23:06,2,83,489.68,408.13,81.54,16.72,15.12,1.6,90,33
2025-07-21 08:23:06,2,83,489.68,408.13,81.54,16.72,15.09,1.63,90,13
2025-07-21 08:23:07,2,83,489.68,408.13,81.54,16.72,15.08,1.64,90,27
2025-07-21 08:23:07,2,83,489.68,408.13,81.54,16.72,15.08,1.64,90,30
2025-07-21 08:23:08,2,83,489.68,408.13,81.54,16.72,15.07,1.65,90,22
2025-07-21 08:23:08,2,83,489.68,408.13,81.54,16.72,15.08,1.63,90,24
2025-07-21 08:23:09,2,83,489.68,408.13,81.54,16.72,15.06,1.66,90,44
2025-07-21 08:23:10,2,83,489.68,408.13,81.54,16.72,15.06,1.66,90,42
2025-07-21 08:23:10,2,83,489.68,408.13,81.54,16.72,15.06,1.65,90,27
2025-07-21 08:23:11,2,83,489.68,408.13,81.54,16.72,15.05,1.67,90,34
2025-07-21 08:23:11,2,83,489.68,408.13,81.54,16.72,15.05,1.66,90,38
2025-07-21 08:23:12,2,83,489.68,408.14,81.54,16.72,14.94,1.78,89,26
2025-07-21 08:23:12,2,83,489.68,408.14,81.54,16.72,14.89,1.82,89,20
2025-07-21 08:23:13,2,83,489.68,408.14,81.54,16.72,14.86,1.85,89,32
2025-07-21 08:23:13,2,83,489.68,408.14,81.54,16.72,14.86,1.85,89,36
2025-07-21 08:23:14,2,83,489.68,408.14,81.54,16.72,14.88,1.83,89,30
2025-07-21 08:23:14,2,83,489.68,408.14,81.54,16.72,14.95,1.77,89,31
2025-07-21 08:23:15,2,83,489.68,408.14,81.54,16.72,14.95,1.77,89,30
2025-07-21 08:23:15,2,83,489.68,408.14,81.54,16.72,14.97,1.75,90,26
2025-07-21 08:23:16,2,83,489.68,408.14,81.54,16.72,14.94,1.77,89,28
2025-07-21 08:23:16,2,83,489.68,408.14,81.54,16.72,14.96,1.76,90,36
2025-07-21 08:23:17,3,83,489.68,408.14,81.54,16.72,15.0,1.72,90,55
2025-07-21 08:24:25,3,83,489.68,408.29,81.39,16.72,15.07,1.65,90,43
2025-07-21 08:24:25,3,83,489.68,408.33,81.35,16.72,15.11,1.61,90,22
2025-07-21 08:24:26,3,83,489.68,408.33,81.35,16.72,15.11,1.61,90,51
2025-07-21 08:24:26,3,83,489.68,408.33,81.35,16.72,15.1,1.62,90,52
2025-07-21 08:24:27,3,83,489.68,408.33,81.35,16.72,15.11,1.61,90,48
2025-07-21 08:24:27,3,83,489.68,408.33,81.35,16.72,15.06,1.66,90,47
2025-07-21 08:24:28,3,83,489.68,408.33,81.35,16.72,15.05,1.67,90,49
2025-07-21 08:24:28,3,83,489.68,408.33,81.35,16.72,15.04,1.68,90,63
2025-07-21 08:24:29,3,83,489.68,408.33,81.35,16.72,15.06,1.65,90,60
2025-07-21 08:24:30,3,83,489.68,408.33,81.35,16.72,15.09,1.63,90,59
2025-07-21 08:24:31,3,83,489.68,408.33,81.34,16.72,15.11,1.61,90,56
2025-07-21 08:24:32,3,83,489.68,408.33,81.34,16.72,15.11,1.61,90,72
2025-07-21 08:24:33,3,83,489.68,408.33,81.35,16.72,15.09,1.63,90,65
2025-07-21 08:24:34,3,83,489.68,408.33,81.35,16.72,15.08,1.64,90,50
2025-07-21 08:24:35,3,83,489.68,408.33,81.35,16.72,15.05,1.66,90,52
2025-07-21 08:24:36,3,83,489.68,408.33,81.34,16.72,15.04,1.68,90,52
2025-07-21 08:24:37,3,83,489.68,408.33,81.34,16.72,14.95,1.77,89,59
2025-07-21 08:24:38,3,83,489.68,408.33,81.34,16.72,14.77,1.95,88,40
2025-07-21 08:24:39,3,83,489.68,408.33,81.34,16.72,14.61,2.11,87,37
2025-07-21 08:24:40,3,83,489.68,408.33,81.35,16.72,14.42,2.3,86,45
2025-07-21 08:24:41,3,83,489.68,408.33,81.35,16.72,14.26,2.46,85,34
2025-07-21 08:24:42,3,83,489.68,408.33,81.34,16.72,14.1,2.62,84,48
2025-07-21 08:24:43,3,83,489.68,408.33,81.34,16.72,14.09,2.63,84,42
2025-07-21 08:24:44,3,83,489.68,408.33,81.34,16.72,14.08,2.64,84,42
2025-07-21 08:24:45,3,83,489.68,408.33,81.34,16.72,14.08,2.64,84,50
2025-07-21 08:24:46,3,83,489.68,408.33,81.34,16.72,14.1,2.62,84,37
2025-07-21 08:24:47,3,83,489.68,408.33,81.34,16.72,14.11,2.6,84,30
2025-07-21 08:24:48,3,83,489.68,408.33,81.35,16.72,14.13,2.59,84,26
2025-07-21 08:24:49,3,83,489.68,408.33,81.34,16.72,14.15,2.57,85,39
2025-07-21 08:24:50,3,83,489.68,408.33,81.34,16.72,14.22,2.5,85,27
2025-07-21 08:24:51,3,83,489.68,408.33,81.34,16.72,14.21,2.51,85,42
2025-07-21 08:24:52,3,83,489.68,408.33,81.34,16.72,14.21,2.5,85,31
2025-07-21 08:24:53,3,83,489.68,408.33,81.34,16.72,14.22,2.5,85,36
2025-07-21 08:24:54,3,83,489.68,408.33,81.34,16.72,14.2,2.52,85,29
2025-07-21 08:24:55,3,83,489.68,408.33,81.34,16.72,14.2,2.52,85,38
2025-07-21 08:24:56,3,83,489.68,408.33,81.34,16.72,14.12,2.6,84,35
2025-07-21 08:24:57,3,83,489.68,408.33,81.34,16.72,14.13,2.59,84,16
2025-07-21 08:24:58,3,83,489.68,408.34,81.34,16.72,14.12,2.6,84,27
2025-07-21 08:24:59,3,83,489.68,408.34,81.34,16.72,14.24,2.47,85,36
2025-07-21 08:24:59,3,83,489.68,408.34,81.34,16.72,14.26,2.46,85,40
2025-07-21 08:25:00,3,83,489.68,408.34,81.34,16.72,14.28,2.44,85,32
2025-07-21 08:25:00,3,83,489.68,408.34,81.34,16.72,14.26,2.46,85,28
2025-07-21 08:25:01,3,83,489.68,408.34,81.34,16.72,14.26,2.46,85,27
2025-07-21 08:25:02,3,83,489.68,408.34,81.34,16.72,14.26,2.46,85,33
2025-07-21 08:25:02,3,83,489.68,408.34,81.34,16.72,14.26,2.46,85,30
2025-07-21 08:25:03,3,83,489.68,408.34,81.34,16.72,14.25,2.47,85,31
2025-07-21 08:25:04,3,83,489.68,408.34,81.34,16.72,14.26,2.46,85,24
2025-07-21 08:25:05,3,83,489.68,408.34,81.34,16.72,14.26,2.46,85,25
2025-07-21 08:25:06,3,83,489.68,408.34,81.34,16.72,14.27,2.45,85,41
2025-07-21 08:25:06,3,83,489.68,408.34,81.34,16.72,14.27,2.45,85,28
2025-07-21 08:25:07,3,83,489.68,408.34,81.34,16.72,14.29,2.43,86,38
2025-07-21 08:25:08,3,83,489.68,408.33,81.34,16.72,14.3,2.42,86,27
2025-07-21 08:25:09,3,83,489.68,408.33,81.34,16.72,14.36,2.35,86,29
2025-07-21 08:25:11,3,83,489.68,408.34,81.34,16.72,14.4,2.32,86,40
2025-07-21 08:25:12,3,83,489.68,408.34,81.34,16.72,14.36,2.35,86,45
2025-07-21 08:25:12,3,83,489.68,408.34,81.34,16.72,14.38,2.34,86,36
2025-07-21 08:25:13,3,83,489.68,408.34,81.34,16.72,14.37,2.35,86,34
2025-07-21 08:25:14,3,83,489.68,408.34,81.33,16.72,14.4,2.32,86,46
2025-07-21 08:25:15,3,83,489.68,408.34,81.33,16.72,14.41,2.31,86,32
2025-07-21 08:25:16,3,83,489.68,408.34,81.33,16.72,14.42,2.3,86,32
2025-07-21 08:25:17,3,83,489.68,408.35,81.33,16.72,14.41,2.31,86,36
2025-07-21 08:25:18,3,83,489.68,408.71,80.96,16.72,14.45,2.27,86,35
2025-07-21 08:25:19,3,83,489.68,408.71,80.96,16.72,14.46,2.26,86,39
2025-07-21 08:25:22,3,83,489.68,408.71,80.96,16.72,14.41,2.3,86,47
2025-07-21 08:25:23,3,83,489.68,408.71,80.96,16.72,14.44,2.28,86,26
2025-07-21 08:25:23,3,83,489.68,408.71,80.96,16.72,14.38,2.34,86,34
2025-07-21 08:25:24,3,83,489.68,408.71,80.96,16.72,14.36,2.36,86,35
2025-07-21 08:25:25,3,83,489.68,408.71,80.96,16.72,14.36,2.36,86,31
2025-07-21 08:25:25,3,83,489.68,408.71,80.96,16.72,14.35,2.37,86,36
2025-07-21 08:25:26,3,83,489.68,408.71,80.96,16.72,14.35,2.37,86,48
2025-07-21 08:25:27,3,83,489.68,408.71,80.97,16.72,14.29,2.43,86,38
2025-07-21 08:25:28,3,83,489.68,408.71,80.96,16.72,14.19,2.53,85,30
2025-07-21 08:25:29,3,83,489.68,408.71,80.96,16.72,14.19,2.53,85,33
2025-07-21 08:25:30,3,83,489.68,408.71,80.97,16.72,14.18,2.54,85,49
2025-07-21 08:25:31,3,83,489.68,408.71,80.97,16.72,14.13,2.58,84,56
2025-07-21 08:25:32,3,83,489.68,408.71,80.97,16.72,14.19,2.52,85,70
2025-07-21 08:25:33,3,83,489.68,408.71,80.97,16.72,14.31,2.41,86,76
2025-07-21 08:25:34,3,83,489.68,408.71,80.97,16.72,14.34,2.38,86,63
2025-07-21 08:25:35,3,83,489.68,408.71,80.97,16.72,14.34,2.37,86,72
2025-07-21 08:25:36,3,83,489.68,408.71,80.97,16.72,14.32,2.4,86,54
2025-07-21 08:31:59,3,83,489.68,407.74,81.94,16.72,14.55,2.17,87,51
2025-07-21 08:31:59,3,83,489.68,407.74,81.94,16.72,14.42,2.29,86,76
2025-07-21 08:32:00,3,83,489.68,407.73,81.94,16.72,14.47,2.25,86,38
2025-07-21 08:32:00,3,83,489.68,407.73,81.94,16.72,14.5,2.22,87,26
2025-07-21 08:32:01,3,83,489.68,407.73,81.94,16.72,14.49,2.23,87,26
2025-07-21 08:32:01,3,83,489.68,407.73,81.94,16.72,14.47,2.25,86,34
2025-07-21 08:32:02,3,83,489.68,407.73,81.94,16.72,14.47,2.25,87,18
2025-07-21 08:32:02,3,83,489.68,407.73,81.94,16.72,14.46,2.26,86,22
2025-07-21 08:32:03,3,83,489.68,407.73,81.94,16.72,14.45,2.27,86,20
2025-07-21 08:32:03,3,83,489.68,407.73,81.94,16.72,14.44,2.27,86,21
2025-07-21 08:32:04,3,83,489.68,407.73,81.94,16.72,14.42,2.29,86,18
2025-07-21 08:32:05,3,83,489.68,407.73,81.94,16.72,14.42,2.3,86,26
2025-07-21 08:32:06,3,83,489.68,407.73,81.94,16.72,14.39,2.33,86,14
2025-07-21 08:32:07,3,83,489.68,407.73,81.94,16.72,14.37,2.35,86,14
2025-07-21 08:32:08,3,83,489.68,407.73,81.94,16.72,14.47,2.25,86,36
2025-07-21 08:32:09,3,83,489.68,407.73,81.94,16.72,14.59,2.13,87,15
2025-07-21 08:32:10,3,83,489.68,407.73,81.94,16.72,14.63,2.09,88,17
2025-07-21 08:32:11,3,83,489.68,407.73,81.94,16.72,14.71,2.01,88,37
2025-07-21 08:32:12,3,83,489.68,407.73,81.94,16.72,14.68,2.04,88,29
2025-07-21 08:32:15,3,83,489.68,407.74,81.94,16.72,14.6,2.12,87,32
2025-07-21 08:32:16,3,83,489.68,407.74,81.94,16.72,14.58,2.14,87,22
2025-07-21 08:32:16,3,83,489.68,407.74,81.94,16.72,14.54,2.18,87,21
2025-07-21 08:32:17,3,83,489.68,407.74,81.94,16.72,14.52,2.19,87,39
2025-07-21 08:32:18,3,83,489.68,407.74,81.94,16.72,14.52,2.2,87,18
2025-07-21 08:32:19,3,83,489.68,407.74,81.94,16.72,14.51,2.21,87,27
2025-07-21 08:32:20,3,83,489.68,407.74,81.94,16.72,14.4,2.32,86,24
2025-07-21 08:32:21,3,83,489.68,407.74,81.94,16.72,14.33,2.38,86,26
2025-07-21 08:32:22,3,83,489.68,407.74,81.94,16.72,14.39,2.33,86,35
2025-07-21 08:32:23,3,83,489.68,407.74,81.94,16.72,14.42,2.3,86,28
2025-07-21 08:32:24,3,83,489.68,407.74,81.94,16.72,14.41,2.31,86,17
2025-07-21 08:32:25,3,83,489.68,407.74,81.94,16.72,14.34,2.37,86,27
2025-07-21 08:32:26,3,83,489.68,407.74,81.94,16.72,14.35,2.36,86,14
2025-07-21 08:32:27,3,83,489.68,407.74,81.94,16.72,14.35,2.37,86,31
2025-07-21 08:32:28,3,83,489.68,407.74,81.94,16.72,14.4,2.32,86,16
2025-07-21 08:32:29,3,83,489.68,407.74,81.94,16.72,14.39,2.33,86,34
2025-07-21 08:32:30,3,83,489.68,407.74,81.94,16.72,14.38,2.34,86,38
2025-07-21 08:32:31,3,83,489.68,407.74,81.94,16.72,14.35,2.36,86,33
2025-07-21 08:32:32,3,83,489.68,407.74,81.94,16.72,14.37,2.35,86,24
2025-07-21 08:32:33,3,83,489.68,407.74,81.94,16.72,14.41,2.31,86,29
2025-07-21 08:32:34,3,83,489.68,407.74,81.94,16.72,14.36,2.36,86,13
2025-07-21 08:32:35,3,83,489.68,407.74,81.94,16.72,14.36,2.36,86,19
2025-07-21 08:32:36,3,83,489.68,407.74,81.94,16.72,14.36,2.36,86,9
2025-07-21 08:32:37,3,83,489.68,407.74,81.94,16.72,14.37,2.35,86,10
2025-07-21 08:32:38,3,83,489.68,407.74,81.94,16.72,14.26,2.46,85,13
2025-07-21 08:32:39,3,83,489.68,407.74,81.94,16.72,14.26,2.46,85,15
2025-07-21 08:32:40,3,83,489.68,407.74,81.94,16.72,14.25,2.47,85,16
2025-07-21 08:32:41,3,83,489.68,407.74,81.94,16.72,14.24,2.48,85,28
2025-07-21 08:32:42,3,83,489.68,407.74,81.94,16.72,14.25,2.47,85,12
2025-07-21 08:32:43,3,83,489.68,407.74,81.94,16.72,14.26,2.46,85,35
2025-07-21 08:32:44,3,83,489.68,407.74,81.94,16.72,14.33,2.39,86,30
2025-07-21 08:32:45,3,83,489.68,407.74,81.94,16.72,14.25,2.47,85,46
2025-07-21 08:32:46,3,83,489.68,407.74,81.94,16.72,14.22,2.5,85,40
2025-07-21 08:32:47,3,83,489.68,407.74,81.94,16.72,14.31,2.41,86,57
2025-07-21 08:32:48,3,83,489.68,407.74,81.94,16.72,14.42,2.3,86,37
2025-07-21 08:32:49,3,83,489.68,407.74,81.94,16.72,14.4,2.31,86,41
2025-07-21 08:32:50,3,83,489.68,407.74,81.94,16.72,14.46,2.26,86,54
2025-07-21 08:32:51,3,83,489.68,407.74,81.94,16.72,14.46,2.26,86,52
2025-07-21 08:32:52,3,83,489.68,407.74,81.94,16.72,14.47,2.25,86,46
2025-07-21 08:32:53,3,83,489.68,407.74,81.94,16.72,14.46,2.26,86,56
2025-07-21 08:32:54,3,83,489.68,407.74,81.94,16.72,14.62,2.1,87,46
2025-07-21 08:32:55,3,83,489.68,407.74,81.94,16.72,14.66,2.06,88,32
2025-07-21 08:32:56,3,83,489.68,407.74,81.94,16.72,14.62,2.1,88,28
2025-07-21 08:32:57,3,83,489.68,407.74,81.94,16.72,14.59,2.13,87,38
2025-07-21 08:32:58,3,83,489.68,407.74,81.94,16.72,14.6,2.12,87,38
2025-07-21 08:32:58,3,83,489.68,407.74,81.94,16.72,14.6,2.11,87,40
2025-07-21 08:32:59,3,83,489.68,407.74,81.94,16.72,14.61,2.11,87,42
2025-07-21 08:32:59,3,83,489.68,407.74,81.94,16.72,14.59,2.12,87,33
2025-07-21 08:33:00,3,83,489.68,407.74,81.94,16.72,14.59,2.13,87,48
2025-07-21 08:33:00,3,83,489.68,407.74,81.94,16.72,14.61,2.11,87,37
2025-07-21 08:33:01,3,83,489.68,407.74,81.94,16.72,14.61,2.11,87,40
2025-07-21 08:33:02,3,83,489.68,407.74,81.94,16.72,14.61,2.11,87,17
2025-07-21 08:33:03,3,83,489.68,407.74,81.94,16.72,14.58,2.14,87,21
2025-07-21 08:33:04,3,83,489.68,407.74,81.94,16.72,14.66,2.06,88,20
2025-07-21 08:33:05,3,83,489.68,407.74,81.94,16.72,14.79,1.92,88,34
2025-07-21 08:33:06,3,83,489.68,407.74,81.94,16.72,14.82,1.9,89,12
2025-07-21 08:33:07,3,83,489.68,407.74,81.94,16.72,14.78,1.94,88,18
2025-07-21 08:33:08,3,83,489.68,407.74,81.94,16.72,14.8,1.91,89,16
2025-07-21 08:33:09,3,83,489.68,407.74,81.94,16.72,14.81,1.91,89,25
2025-07-21 08:33:10,3,83,489.68,407.74,81.93,16.72,14.84,1.88,89,34
2025-07-21 08:33:11,3,83,489.68,407.74,81.93,16.72,14.82,1.9,89,29
2025-07-21 08:33:12,3,83,489.68,407.74,81.93,16.72,14.81,1.91,89,17
2025-07-21 08:33:13,3,83,489.68,407.74,81.93,16.72,14.79,1.93,88,19
2025-07-21 08:33:14,3,83,489.68,407.74,81.93,16.72,14.71,2.01,88,36
2025-07-21 08:33:15,3,83,489.68,407.74,81.93,16.72,14.75,1.97,88,13
2025-07-21 08:33:16,3,83,489.68,407.74,81.93,16.72,14.76,1.96,88,15
2025-07-21 08:33:17,3,83,489.68,407.74,81.93,16.72,14.72,2.0,88,18
2025-07-21 08:33:18,3,83,489.68,407.74,81.93,16.72,14.73,1.98,88,14
2025-07-21 08:33:19,3,83,489.68,407.74,81.93,16.72,14.71,2.01,88,28
2025-07-21 08:33:20,3,83,489.68,407.74,81.93,16.72,14.69,2.03,88,14
2025-07-21 08:33:21,3,83,489.68,407.74,81.93,16.72,14.68,2.04,88,16
2025-07-21 08:33:22,3,83,489.68,407.74,81.93,16.72,14.66,2.05,88,19
2025-07-21 08:33:23,3,83,489.68,407.74,81.93,16.72,14.71,2.0,88,27
2025-07-21 08:33:23,3,83,489.68,407.74,81.93,16.72,14.72,2.0,88,27
2025-07-21 08:33:24,3,83,489.68,407.74,81.93,16.72,14.74,1.98,88,26
2025-07-21 08:33:24,3,83,489.68,407.74,81.93,16.72,14.76,1.96,88,28
2025-07-21 08:33:24,3,83,489.68,407.74,81.93,16.72,14.76,1.96,88,28
2025-07-21 08:33:25,3,83,489.68,407.74,81.93,16.72,14.77,1.95,88,20
2025-07-21 08:33:25,3,83,489.68,407.74,81.93,16.72,14.77,1.95,88,22
2025-07-21 08:33:25,3,83,489.68,407.74,81.93,16.72,14.77,1.95,88,25
2025-07-21 08:33:26,3,83,489.68,407.74,81.93,16.72,14.76,1.96,88,25
2025-07-21 08:33:26,3,83,489.68,407.74,81.93,16.72,14.77,1.95,88,22
2025-07-21 08:33:26,3,83,489.68,407.74,81.93,16.72,14.77,1.95,88,22
2025-07-21 08:33:27,3,83,489.68,407.74,81.93,16.72,14.75,1.96,88,20
2025-07-21 08:33:27,3,83,489.68,407.74,81.93,16.72,14.76,1.95,88,22
2025-07-21 08:33:27,3,83,489.68,407.74,81.93,16.72,14.76,1.96,88,24
2025-07-21 08:33:28,3,83,489.68,407.74,81.93,16.72,14.75,1.96,88,24
2025-07-21 08:33:28,3,83,489.68,407.74,81.93,16.72,14.75,1.97,88,19
2025-07-21 08:33:29,3,83,489.68,407.74,81.93,16.72,14.75,1.97,88,19
2025-07-21 08:33:29,3,83,489.68,407.74,81.93,16.72,14.73,1.99,88,26
2025-07-21 08:33:29,3,83,489.68,407.74,81.93,16.72,14.74,1.98,88,38
2025-07-21 08:33:30,3,83,489.68,407.74,81.93,16.72,14.74,1.98,88,40
2025-07-21 08:33:30,3,83,489.68,407.74,81.93,16.72,14.77,1.95,88,37
2025-07-21 08:33:30,3,83,489.68,407.74,81.93,16.72,14.76,1.96,88,32
2025-07-21 08:33:31,3,83,489.68,407.74,81.93,16.72,14.76,1.96,88,30
2025-07-21 08:33:31,3,83,489.68,407.74,81.93,16.72,14.77,1.94,88,29
2025-07-21 08:33:31,3,83,489.68,407.74,81.93,16.72,14.77,1.95,88,31
2025-07-21 08:33:32,3,83,489.68,407.74,81.93,16.72,14.77,1.95,88,42
2025-07-21 08:33:32,3,83,489.68,407.74,81.93,16.72,14.8,1.91,89,52
2025-07-21 08:33:32,3,83,489.68,407.74,81.93,16.72,14.79,1.93,88,50
2025-07-21 08:33:33,3,83,489.68,407.74,81.93,16.72,14.82,1.9,89,26
2025-07-21 08:33:33,3,83,489.68,407.74,81.93,16.72,14.83,1.89,89,36
2025-07-21 08:33:33,3,83,489.68,407.74,81.93,16.72,14.81,1.91,89,41
2025-07-21 08:33:34,3,83,489.68,407.74,81.93,16.72,14.81,1.9,89,35
2025-07-21 08:33:34,3,83,489.68,407.74,81.93,16.72,14.79,1.93,88,30
2025-07-21 08:33:34,3,83,489.68,407.74,81.93,16.72,14.78,1.94,88,30
2025-07-21 08:33:35,3,83,489.68,407.74,81.93,16.72,14.78,1.94,88,27
2025-07-21 08:33:35,3,83,489.68,407.74,81.93,16.72,14.73,1.99,88,21
2025-07-21 08:33:36,3,83,489.68,407.74,81.93,16.72,14.7,2.02,88,26
2025-07-21 08:33:36,3,83,489.68,407.74,81.93,16.72,14.68,2.04,88,21
2025-07-21 08:33:37,3,83,489.68,407.74,81.93,16.72,14.68,2.04,88,20
2025-07-21 08:33:37,3,83,489.68,407.74,81.93,16.72,14.67,2.05,88,13
2025-07-21 08:33:38,3,83,489.68,407.74,81.93,16.72,14.53,2.18,87,18
2025-07-21 08:33:38,3,83,489.68,407.74,81.93,16.72,14.57,2.15,87,12
2025-07-21 08:33:39,3,83,489.68,407.74,81.93,16.72,14.57,2.15,87,12
2025-07-21 08:33:39,3,83,489.68,407.74,81.93,16.72,14.57,2.15,87,22
2025-07-21 08:33:40,3,83,489.68,407.74,81.93,16.72,14.56,2.16,87,29
2025-07-21 08:33:40,3,83,489.68,407.74,81.93,16.72,14.53,2.19,87,23
2025-07-21 08:33:41,3,83,489.68,407.74,81.93,16.72,14.44,2.28,86,23
2025-07-21 08:33:41,3,83,489.68,407.74,81.93,16.72,14.43,2.29,86,18
2025-07-21 08:33:42,3,83,489.68,407.74,81.93,16.72,14.42,2.3,86,25
2025-07-21 08:33:42,3,83,489.68,407.74,81.93,16.72,14.38,2.34,86,25
2025-07-21 08:33:43,3,83,489.68,407.74,81.93,16.72,14.36,2.36,86,21
2025-07-21 08:33:43,3,83,489.68,407.75,81.93,16.72,14.3,2.42,86,20
2025-07-21 08:33:44,3,83,489.68,407.75,81.93,16.72,14.28,2.44,85,22
2025-07-21 08:33:45,3,83,489.68,407.75,81.93,16.72,14.27,2.45,85,26
2025-07-21 08:33:45,3,83,489.68,407.75,81.93,16.72,14.28,2.44,85,46
2025-07-21 08:33:46,3,83,489.68,407.75,81.93,16.72,14.29,2.43,86,46
2025-07-21 08:33:46,3,83,489.68,407.75,81.93,16.72,14.3,2.42,86,42
2025-07-21 08:33:47,3,83,489.68,407.75,81.93,16.72,14.29,2.43,86,44
2025-07-21 08:33:47,3,83,489.68,407.75,81.93,16.72,14.29,2.43,86,49
2025-07-21 08:33:48,3,83,489.68,407.75,81.93,16.72,14.31,2.41,86,52
2025-07-21 08:33:48,3,83,489.68,407.75,81.93,16.72,14.3,2.42,86,57
2025-07-21 08:33:49,3,83,489.68,407.75,81.93,16.72,14.3,2.42,86,50
2025-07-21 08:33:49,3,83,489.68,407.75,81.93,16.72,14.28,2.44,85,49
2025-07-21 08:33:50,3,83,489.68,407.75,81.93,16.72,14.33,2.39,86,55
2025-07-21 08:33:50,3,83,489.68,407.75,81.93,16.72,14.32,2.4,86,52
2025-07-21 08:33:51,3,83,489.68,407.75,81.93,16.72,14.42,2.3,86,48
2025-07-21 08:33:51,3,83,489.68,407.75,81.93,16.72,14.4,2.32,86,34
2025-07-21 08:33:52,3,83,489.68,407.75,81.93,16.72,14.4,2.31,86,43
2025-07-21 08:33:53,3,83,489.68,407.75,81.93,16.72,14.37,2.35,86,51
2025-07-21 08:33:54,3,83,489.68,407.75,81.93,16.72,14.32,2.39,86,46
2025-07-21 08:33:55,3,83,489.68,407.75,81.93,16.72,14.33,2.39,86,27
2025-07-21 08:33:56,3,83,489.68,407.75,81.93,16.72,14.3,2.42,86,34
2025-07-21 08:33:57,3,83,489.68,407.75,81.93,16.72,14.27,2.45,85,32
2025-07-21 08:33:58,3,83,489.68,407.75,81.93,16.72,14.25,2.47,85,28
2025-07-21 08:33:59,3,83,489.68,407.75,81.93,16.72,14.25,2.46,85,33
2025-07-21 08:34:00,3,83,489.68,407.75,81.93,16.72,14.27,2.45,85,36
2025-07-21 08:34:01,3,83,489.68,407.75,81.93,16.72,14.25,2.47,85,33
2025-07-21 08:34:02,3,83,489.68,407.75,81.93,16.72,14.29,2.42,86,34
2025-07-21 08:34:02,3,83,489.68,407.75,81.93,16.72,14.36,2.35,86,42
2025-07-21 08:34:03,3,83,489.68,407.75,81.93,16.72,14.36,2.36,86,50
2025-07-21 08:34:03,3,83,489.68,407.75,81.93,16.72,14.38,2.34,86,40
2025-07-21 08:34:04,3,83,489.68,407.75,81.93,16.72,14.37,2.35,86,22
2025-07-21 08:34:04,3,83,489.68,407.75,81.93,16.72,14.37,2.35,86,28
2025-07-21 08:34:05,3,83,489.68,407.75,81.93,16.72,14.38,2.33,86,19
2025-07-21 08:34:05,3,83,489.68,407.75,81.93,16.72,14.37,2.35,86,36
2025-07-21 08:34:06,3,83,489.68,407.75,81.93,16.72,14.41,2.31,86,34
2025-07-21 08:34:07,3,83,489.68,407.75,81.93,16.72,14.4,2.32,86,14
2025-07-21 08:34:08,3,83,489.68,407.75,81.93,16.72,14.42,2.3,86,19
2025-07-21 08:34:09,3,83,489.68,407.75,81.93,16.72,14.43,2.29,86,17
2025-07-21 08:34:10,3,83,489.68,407.75,81.93,16.72,14.43,2.29,86,29
2025-07-21 08:34:11,3,83,489.68,407.75,81.93,16.72,14.43,2.29,86,22
2025-07-21 08:34:12,3,83,489.68,407.75,81.93,16.72,14.4,2.32,86,29
2025-07-21 08:34:13,3,83,489.68,407.75,81.93,16.72,14.38,2.33,86,22
2025-07-21 08:34:14,3,83,489.68,407.75,81.93,16.72,14.28,2.44,85,23
2025-07-21 08:34:15,3,83,489.68,407.75,81.93,16.72,14.28,2.44,85,15
2025-07-21 08:34:16,3,83,489.68,407.75,81.93,16.72,14.28,2.44,85,19
2025-07-21 08:34:17,3,83,489.68,407.75,81.93,16.72,14.25,2.47,85,23
2025-07-21 08:34:18,3,83,489.68,407.75,81.93,16.72,14.31,2.4,86,30
2025-07-21 08:34:18,3,83,489.68,407.75,81.93,16.72,14.37,2.35,86,42
2025-07-21 08:34:19,3,83,489.68,407.75,81.93,16.72,14.37,2.35,86,26
2025-07-21 08:34:20,3,83,489.68,407.75,81.93,16.72,14.36,2.36,86,29
2025-07-21 08:34:21,3,83,489.68,407.75,81.93,16.72,14.36,2.36,86,38
2025-07-21 08:34:22,3,83,489.68,407.75,81.93,16.72,14.39,2.33,86,25
2025-07-21 08:34:23,3,83,489.68,407.75,81.93,16.72,14.42,2.3,86,18
2025-07-21 08:34:24,3,83,489.68,407.75,81.93,16.72,14.41,2.31,86,30
2025-07-21 08:34:25,3,83,489.68,407.75,81.93,16.72,14.35,2.37,86,26
2025-07-21 08:34:26,3,83,489.68,407.75,81.93,16.72,14.41,2.31,86,41
2025-07-21 08:34:27,3,83,489.68,407.75,81.93,16.72,14.38,2.34,86,14
2025-07-21 08:34:28,3,83,489.68,407.75,81.93,16.72,14.37,2.35,86,28
2025-07-21 08:34:29,3,83,489.68,407.75,81.93,16.72,14.36,2.36,86,17
2025-07-21 08:34:30,3,83,489.68,407.75,81.93,16.72,14.36,2.36,86,31
2025-07-21 08:34:31,3,83,489.68,407.75,81.93,16.72,14.36,2.36,86,35
2025-07-21 08:34:32,3,83,489.68,407.75,81.93,16.72,14.3,2.42,86,54
2025-07-21 08:34:33,3,83,489.68,407.75,81.93,16.72,14.37,2.35,86,41
2025-07-21 08:34:42,3,83,489.68,407.75,81.93,16.72,13.91,2.81,83,24
2025-07-21 08:34:42,3,83,489.68,407.75,81.93,16.72,13.92,2.8,83,25
2025-07-21 08:34:43,3,83,489.68,407.75,81.93,16.72,13.91,2.81,83,49
2025-07-21 08:34:43,3,83,489.68,407.75,81.93,16.72,13.97,2.75,84,41
2025-07-21 08:34:44,3,83,489.68,407.75,81.93,16.72,13.97,2.75,84,21
2025-07-21 08:34:45,3,83,489.68,407.75,81.93,16.72,13.96,2.76,84,27
2025-07-21 08:34:45,3,83,489.68,407.75,81.93,16.72,14.05,2.67,84,33
2025-07-21 08:34:46,3,83,489.68,407.75,81.93,16.72,14.05,2.67,84,17
2025-07-21 08:34:46,3,83,489.68,407.75,81.93,16.72,14.05,2.67,84,20
2025-07-21 08:34:47,3,83,489.68,407.75,81.93,16.72,14.05,2.67,84,55
2025-07-21 08:34:48,3,83,489.68,407.75,81.93,16.72,14.12,2.6,84,40
2025-07-21 08:34:49,3,83,489.68,407.75,81.93,16.72,14.13,2.59,84,55
2025-07-21 08:34:50,3,83,489.68,407.75,81.93,16.72,14.15,2.57,85,54
2025-07-21 08:34:53,3,83,489.68,407.75,81.93,16.72,14.16,2.56,85,51
2025-07-21 08:34:54,3,83,489.68,407.75,81.93,16.72,14.1,2.62,84,46
2025-07-21 08:34:54,3,83,489.68,407.75,81.93,16.72,14.1,2.62,84,42
2025-07-21 08:34:55,3,83,489.68,407.75,81.93,16.72,14.11,2.61,84,49
2025-07-21 08:34:55,3,83,489.68,407.75,81.93,16.72,14.11,2.6,84,34
2025-07-21 08:34:56,3,83,489.68,407.75,81.93,16.72,14.11,2.61,84,52
2025-07-21 08:34:57,3,83,489.68,407.75,81.93,16.72,14.09,2.63,84,40
2025-07-21 08:34:58,3,83,489.68,407.75,81.93,16.72,14.09,2.63,84,38
2025-07-21 08:34:59,3,83,489.68,407.75,81.93,16.72,14.08,2.64,84,41
2025-07-21 08:35:00,3,83,489.68,407.75,81.93,16.72,14.1,2.61,84,35
2025-07-21 08:35:01,3,83,489.68,407.75,81.93,16.72,14.07,2.65,84,44
2025-07-21 08:35:02,3,83,489.68,407.75,81.93,16.72,14.06,2.66,84,30
2025-07-21 08:35:03,3,83,489.68,407.75,81.93,16.72,14.04,2.68,84,48
2025-07-21 08:35:04,3,83,489.68,407.75,81.93,16.72,14.04,2.68,84,28
2025-07-21 08:35:05,3,83,489.68,407.75,81.93,16.72,14.03,2.69,84,40
2025-07-21 08:35:06,3,83,489.68,407.75,81.93,16.72,14.01,2.71,84,18
2025-07-21 08:35:07,3,83,489.68,407.75,81.93,16.72,14.0,2.72,84,21
2025-07-21 08:35:08,3,83,489.68,407.75,81.93,16.72,14.05,2.67,84,15
2025-07-21 08:35:11,3,83,489.68,407.75,81.93,16.72,14.06,2.65,84,21
2025-07-21 08:35:11,3,83,489.68,407.75,81.93,16.72,14.06,2.66,84,30
2025-07-21 08:35:12,3,83,489.68,407.75,81.93,16.72,14.07,2.65,84,20
2025-07-21 08:35:12,3,83,489.68,407.75,81.93,16.72,14.07,2.64,84,15
2025-07-21 08:35:13,3,83,489.68,407.75,81.93,16.72,14.11,2.61,84,27
2025-07-21 08:35:14,3,83,489.68,407.75,81.93,16.72,14.09,2.63,84,15
2025-07-21 08:35:15,3,83,489.68,407.75,81.93,16.72,14.08,2.64,84,26
2025-07-21 08:35:16,3,83,489.68,407.75,81.93,16.72,14.09,2.63,84,18
2025-07-21 08:35:17,3,83,489.68,407.75,81.93,16.72,14.11,2.61,84,40
2025-07-21 08:35:18,3,83,489.68,407.75,81.93,16.72,14.1,2.62,84,18
2025-07-21 08:35:19,3,83,489.68,407.75,81.93,16.72,14.04,2.68,84,28
2025-07-21 08:35:20,3,83,489.68,407.75,81.93,16.72,14.05,2.67,84,21
2025-07-21 08:35:21,3,83,489.68,407.75,81.93,16.72,14.02,2.7,84,22
2025-07-21 08:35:22,3,83,489.68,407.75,81.93,16.72,14.02,2.7,84,17
2025-07-21 08:35:23,3,83,489.68,407.75,81.93,16.72,14.02,2.7,84,26
2025-07-21 08:35:24,3,83,489.68,407.75,81.93,16.72,14.03,2.69,84,16
2025-07-21 08:35:25,3,83,489.68,407.75,81.93,16.72,14.03,2.69,84,27
2025-07-21 08:35:26,3,83,489.68,407.75,81.93,16.72,14.03,2.69,84,21
2025-07-21 08:35:27,3,83,489.68,407.75,81.93,16.72,14.03,2.69,84,18
2025-07-21 08:35:28,3,83,489.68,407.75,81.93,16.72,14.03,2.69,84,20
2025-07-21 08:35:29,3,83,489.68,407.75,81.93,16.72,14.04,2.68,84,23
2025-07-21 08:35:30,3,83,489.68,407.75,81.93,16.72,14.03,2.69,84,29
2025-07-21 08:35:31,3,83,489.68,407.75,81.93,16.72,13.96,2.76,84,22
2025-07-21 08:35:32,3,83,489.68,407.75,81.93,16.72,13.96,2.76,84,38
2025-07-21 08:35:33,3,83,489.68,407.75,81.93,16.72,14.0,2.72,84,29
2025-07-21 08:35:34,3,83,489.68,407.75,81.93,16.72,13.99,2.73,84,20
2025-07-21 08:35:35,3,83,489.68,407.75,81.93,16.72,13.98,2.74,84,22
2025-07-21 08:35:36,3,83,489.68,407.75,81.93,16.72,13.99,2.73,84,18
2025-07-21 08:35:37,3,83,489.68,407.75,81.93,16.72,13.99,2.73,84,8
2025-07-21 08:35:38,3,83,489.68,407.75,81.93,16.72,13.99,2.73,84,14
2025-07-21 08:35:39,3,83,489.68,407.75,81.93,16.72,13.99,2.73,84,13
2025-07-21 08:35:40,3,83,489.68,407.75,81.93,16.72,13.98,2.74,84,19
2025-07-21 08:35:41,3,83,489.68,407.75,81.93,16.72,13.98,2.74,84,17
2025-07-21 08:35:42,3,83,489.68,407.75,81.93,16.72,13.95,2.76,84,16
2025-07-21 08:35:43,3,83,489.68,407.75,81.93,16.72,13.95,2.77,84,22
2025-07-21 08:35:44,3,83,489.68,407.75,81.93,16.72,13.97,2.75,84,14
2025-07-21 08:35:45,3,83,489.68,407.75,81.93,16.72,13.95,2.76,84,15
2025-07-21 08:35:46,3,83,489.68,407.75,81.93,16.72,13.95,2.77,84,17
2025-07-21 08:35:47,3,83,489.68,407.75,81.93,16.72,13.95,2.77,83,17
2025-07-21 08:36:32,3,83,489.68,407.75,81.93,16.72,13.9,2.82,83,38
2025-07-21 08:37:32,3,83,489.68,407.75,81.93,16.72,13.74,2.98,82,34
2025-07-21 08:37:55,3,83,489.68,407.75,81.93,16.72,13.97,2.75,84,22
2025-07-21 08:37:56,3,83,489.68,407.75,81.93,16.72,14.02,2.7,84,29
2025-07-21 08:37:56,3,83,489.68,407.75,81.93,16.72,14.01,2.71,84,29
2025-07-21 08:37:57,3,83,489.68,407.75,81.93,16.72,14.01,2.71,84,22
2025-07-21 08:37:58,3,83,489.68,407.75,81.93,16.72,14.01,2.71,84,23
2025-07-21 08:37:58,3,83,489.68,407.75,81.93,16.72,14.05,2.67,84,30
2025-07-21 08:37:59,3,83,489.68,407.75,81.93,16.72,14.06,2.66,84,22
2025-07-21 08:37:59,3,83,489.68,407.75,81.93,16.72,14.12,2.6,84,22
2025-07-21 08:38:00,3,83,489.68,407.75,81.93,16.72,14.11,2.61,84,21
2025-07-21 08:38:00,3,83,489.68,407.75,81.93,16.72,14.09,2.63,84,34
2025-07-21 08:38:01,3,83,489.68,407.75,81.93,16.72,14.09,2.63,84,30
2025-07-21 08:38:01,3,83,489.68,407.75,81.93,16.72,14.09,2.63,84,24
2025-07-21 08:38:02,3,83,489.68,407.75,81.93,16.72,14.08,2.64,84,22
2025-07-21 08:38:02,3,83,489.68,407.75,81.93,16.72,14.08,2.64,84,19
2025-07-21 08:38:03,3,83,489.68,407.75,81.93,16.72,14.07,2.65,84,30
2025-07-21 08:38:03,3,83,489.68,407.75,81.93,16.72,14.1,2.62,84,28
2025-07-21 08:38:04,3,83,489.68,407.75,81.93,16.72,14.1,2.62,84,22
2025-07-21 08:38:04,3,83,489.68,407.75,81.93,16.72,14.04,2.68,84,34
2025-07-21 08:38:05,3,83,489.68,407.75,81.93,16.72,14.06,2.66,84,18
2025-07-21 08:38:05,3,83,489.68,407.75,81.93,16.72,14.06,2.66,84,26
2025-07-21 08:38:06,3,83,489.68,407.75,81.93,16.72,13.98,2.73,84,25
2025-07-21 08:38:06,3,83,489.68,407.75,81.93,16.72,13.98,2.73,84,18
2025-07-21 08:38:07,3,83,489.68,407.75,81.93,16.72,13.97,2.75,84,20
2025-07-21 08:38:07,3,83,489.68,407.75,81.93,16.72,13.97,2.75,84,26
2025-07-21 08:38:08,3,83,489.68,407.75,81.93,16.72,13.97,2.75,84,31
2025-07-21 08:38:08,3,83,489.68,407.75,81.93,16.72,13.99,2.73,84,18
2025-07-21 08:38:09,3,83,489.68,407.75,81.93,16.72,13.96,2.76,84,23
2025-07-21 08:38:09,3,83,489.68,407.75,81.93,16.72,13.95,2.77,84,21
2025-07-21 08:38:10,3,83,489.68,407.75,81.93,16.72,13.94,2.78,83,27
2025-07-21 08:38:10,3,83,489.68,407.75,81.93,16.72,13.93,2.79,83,22
2025-07-21 08:38:11,3,83,489.68,407.75,81.93,16.72,13.93,2.78,83,41
2025-07-21 08:38:12,3,83,489.68,407.75,81.93,16.72,13.99,2.73,84,24
2025-07-21 08:38:12,3,83,489.68,407.75,81.93,16.72,13.97,2.75,84,27
2025-07-21 08:38:13,3,83,489.68,407.75,81.93,16.72,13.96,2.76,84,19
2025-07-21 08:38:13,3,83,489.68,407.75,81.93,16.72,13.95,2.77,83,15
2025-07-21 08:38:14,3,83,489.68,407.75,81.93,16.72,13.94,2.77,83,24
2025-07-21 08:38:14,3,83,489.68,407.75,81.93,16.72,13.95,2.77,83,43
2025-07-21 08:38:15,3,83,489.68,407.75,81.93,16.72,13.98,2.74,84,48
2025-07-21 08:38:15,3,83,489.68,407.75,81.93,16.72,13.98,2.74,84,45
2025-07-21 08:38:16,3,83,489.68,407.75,81.93,16.72,13.97,2.75,84,53
2025-07-21 08:38:16,3,83,489.68,407.75,81.93,16.72,13.97,2.75,84,48
2025-07-21 08:38:17,3,83,489.68,407.75,81.93,16.72,13.99,2.73,84,50
2025-07-21 08:38:17,3,83,489.68,407.75,81.93,16.72,13.99,2.72,84,60
2025-07-21 08:38:18,3,83,489.68,407.75,81.93,16.72,14.07,2.65,84,67
2025-07-21 08:38:18,3,83,489.68,407.75,81.93,16.72,14.05,2.66,84,47
2025-07-21 08:38:19,3,83,489.68,407.75,81.93,16.72,14.05,2.66,84,48
2025-07-21 08:38:20,3,83,489.68,407.75,81.93,16.72,14.04,2.68,84,60
2025-07-21 08:38:21,3,83,489.68,407.75,81.93,16.72,13.99,2.73,84,48
2025-07-21 08:38:22,3,83,489.68,407.75,81.93,16.72,14.0,2.72,84,50
2025-07-21 08:38:23,3,83,489.68,407.75,81.93,16.72,13.99,2.73,84,45
2025-07-21 08:38:24,3,83,489.68,407.75,81.93,16.72,13.98,2.74,84,47
2025-07-21 08:38:25,3,83,489.68,407.75,81.93,16.72,13.96,2.76,84,37
2025-07-21 08:38:26,3,83,489.68,407.75,81.93,16.72,13.9,2.82,83,48
2025-07-21 08:38:27,3,83,489.68,407.75,81.93,16.72,13.93,2.79,83,29
2025-07-21 08:38:28,3,83,489.68,407.75,81.93,16.72,13.99,2.73,84,40
2025-07-21 08:38:28,3,83,489.68,407.75,81.93,16.72,14.0,2.71,84,44
2025-07-21 08:38:29,3,83,489.68,407.75,81.93,16.72,14.0,2.71,84,37
2025-07-21 08:38:29,3,83,489.68,407.75,81.93,16.72,14.02,2.7,84,44
2025-07-21 08:38:30,3,83,489.68,407.75,81.93,16.72,14.0,2.71,84,55
2025-07-21 08:38:30,3,83,489.68,407.75,81.93,16.72,14.01,2.71,84,58
2025-07-21 08:38:31,3,83,489.68,407.75,81.93,16.72,13.99,2.73,84,40
2025-07-21 08:38:31,3,83,489.68,407.75,81.93,16.72,14.01,2.71,84,40
2025-07-21 08:38:32,3,83,489.68,407.75,81.93,16.72,14.01,2.71,84,72
2025-07-21 08:38:33,3,83,489.68,407.75,81.93,16.72,14.05,2.67,84,35
2025-07-21 08:38:34,3,83,489.68,407.75,81.93,16.72,14.05,2.67,84,35
2025-07-21 08:38:37,3,83,489.68,407.75,81.92,16.72,14.01,2.71,84,13
2025-07-21 08:38:38,3,83,489.68,407.75,81.92,16.72,14.02,2.7,84,13
2025-07-21 08:38:38,3,83,489.68,407.75,81.92,16.72,13.98,2.73,84,9
2025-07-21 08:38:39,3,83,489.68,407.75,81.92,16.72,13.98,2.74,84,10
2025-07-21 08:38:39,3,83,489.68,407.75,81.92,16.72,14.02,2.7,84,22
2025-07-21 08:38:40,3,83,489.68,407.75,81.92,16.72,13.97,2.75,84,32
2025-07-21 08:38:41,3,83,489.68,407.75,81.92,16.72,13.94,2.78,83,27
2025-07-21 08:38:42,3,83,489.68,407.75,81.92,16.72,13.97,2.75,84,27
2025-07-21 08:38:43,3,83,489.68,407.75,81.92,16.72,13.96,2.76,84,21
2025-07-21 08:38:44,3,83,489.68,407.75,81.92,16.72,13.96,2.75,84,28
2025-07-21 08:38:45,3,83,489.68,407.75,81.92,16.72,13.99,2.73,84,16
2025-07-21 08:38:46,3,83,489.68,407.75,81.92,16.72,13.99,2.73,84,23
2025-07-21 08:38:47,3,83,489.68,407.75,81.92,16.72,13.99,2.73,84,22
2025-07-21 08:38:48,3,83,489.68,407.75,81.92,16.72,13.98,2.74,84,14
2025-07-21 08:38:49,3,83,489.68,407.75,81.92,16.72,13.98,2.73,84,18
2025-07-21 08:38:50,3,83,489.68,407.75,81.92,16.72,14.0,2.72,84,16
2025-07-21 08:38:51,3,83,489.68,407.75,81.92,16.72,13.99,2.73,84,15
2025-07-21 08:38:52,3,83,489.68,407.75,81.92,16.72,13.99,2.73,84,22
2025-07-21 08:38:53,3,83,489.68,407.75,81.93,16.72,13.94,2.77,83,18
2025-07-21 08:38:54,3,83,489.68,407.75,81.93,16.72,13.92,2.8,83,14
2025-07-21 08:38:55,3,83,489.68,407.75,81.93,16.72,13.91,2.81,83,25
2025-07-21 08:38:56,3,83,489.68,407.75,81.93,16.72,13.88,2.84,83,36
2025-07-21 08:38:57,3,83,489.68,407.75,81.93,16.72,13.88,2.84,83,33
2025-07-21 08:38:58,3,83,489.68,407.75,81.93,16.72,13.88,2.84,83,39
2025-07-21 08:38:59,3,83,489.68,407.75,81.93,16.72,13.89,2.83,83,41
2025-07-21 08:39:00,3,83,489.68,407.75,81.93,16.72,13.87,2.85,83,39
2025-07-21 08:39:01,3,83,489.68,407.75,81.93,16.72,13.86,2.86,83,40
2025-07-21 08:39:02,3,83,489.68,407.75,81.93,16.72,13.88,2.84,83,38
2025-07-21 08:39:03,3,83,489.68,407.75,81.93,16.72,13.85,2.87,83,43
2025-07-21 08:39:04,3,83,489.68,407.75,81.93,16.72,13.96,2.76,84,44
2025-07-21 08:39:05,3,83,489.68,407.75,81.93,16.72,13.96,2.75,84,43
2025-07-21 08:39:06,3,83,489.68,407.75,81.93,16.72,14.08,2.64,84,61
2025-07-21 08:39:07,3,83,489.68,407.75,81.93,16.72,14.1,2.62,84,23
2025-07-21 08:39:08,3,83,489.68,407.75,81.93,16.72,14.09,2.62,84,24
2025-07-21 08:39:09,3,83,489.68,407.75,81.93,16.72,14.09,2.63,84,21
2025-07-21 08:39:10,3,83,489.68,407.75,81.93,16.72,14.13,2.59,84,39
2025-07-21 08:39:11,3,83,489.68,407.75,81.93,16.72,14.13,2.59,84,51
2025-07-21 08:39:12,3,83,489.68,407.75,81.93,16.72,14.14,2.58,85,44
2025-07-21 08:39:13,3,83,489.68,407.75,81.93,16.72,14.13,2.59,84,36
2025-07-21 08:39:14,3,83,489.68,407.75,81.93,16.72,14.13,2.59,84,35
2025-07-21 08:39:15,3,83,489.68,407.75,81.93,16.72,14.1,2.62,84,19
2025-07-21 08:39:16,3,83,489.68,407.75,81.93,16.72,14.12,2.59,84,45
2025-07-21 08:39:17,3,83,489.68,407.75,81.93,16.72,14.11,2.61,84,57
2025-07-21 08:39:18,3,83,489.68,407.75,81.93,16.72,14.04,2.68,84,38
2025-07-21 08:39:19,3,83,489.68,407.75,81.93,16.72,14.05,2.66,84,60
2025-07-21 08:39:20,3,83,489.68,407.75,81.93,16.72,14.1,2.62,84,46
2025-07-21 08:39:21,3,83,489.68,407.75,81.93,16.72,14.04,2.68,84,48
2025-07-21 08:39:22,3,83,489.68,407.75,81.93,16.72,14.05,2.67,84,44
2025-07-21 08:39:24,3,83,489.68,407.75,81.93,16.72,14.05,2.67,84,37
2025-07-21 08:39:25,3,83,489.68,407.75,81.93,16.72,14.06,2.66,84,39
2025-07-21 08:39:25,3,83,489.68,407.75,81.93,16.72,14.05,2.67,84,40
2025-07-21 08:39:26,3,83,489.68,407.75,81.93,16.72,14.07,2.65,84,43
2025-07-21 08:39:27,3,83,489.68,407.75,81.93,16.72,14.1,2.62,84,50
2025-07-21 08:39:28,3,83,489.68,407.75,81.93,16.72,14.06,2.65,84,41
2025-07-21 08:39:29,3,83,489.68,407.75,81.93,16.72,14.08,2.64,84,26
2025-07-21 08:39:30,3,83,489.68,407.75,81.93,16.72,14.08,2.64,84,45
2025-07-21 08:39:32,3,83,489.68,407.75,81.92,16.72,14.09,2.63,84,62
2025-07-21 08:40:32,3,83,489.68,407.73,81.94,16.72,13.54,3.18,81,36
2025-07-21 08:40:33,3,83,489.68,407.73,81.94,16.72,13.52,3.2,81,47
2025-07-21 08:40:33,3,83,489.68,407.74,81.94,16.72,13.53,3.19,81,30
2025-07-21 08:40:34,3,83,489.68,407.74,81.94,16.72,13.52,3.2,81,38
2025-07-21 08:40:34,3,83,489.68,407.74,81.94,16.72,13.53,3.19,81,36
2025-07-21 08:40:34,3,83,489.68,407.74,81.94,16.72,13.56,3.15,81,28
2025-07-21 08:40:35,3,83,489.68,407.74,81.94,16.72,13.55,3.16,81,16
2025-07-21 08:40:35,3,83,489.68,407.74,81.94,16.72,13.55,3.16,81,24
2025-07-21 08:40:36,3,83,489.68,407.74,81.94,16.72,13.55,3.17,81,34
2025-07-21 08:40:36,3,83,489.68,407.74,81.94,16.72,13.52,3.19,81,18
2025-07-21 08:40:37,3,83,489.68,407.74,81.94,16.72,13.53,3.19,81,16
2025-07-21 08:40:37,3,83,489.68,407.74,81.94,16.72,13.51,3.2,81,12
2025-07-21 08:40:38,3,83,489.68,407.74,81.94,16.72,13.52,3.19,81,10
2025-07-21 08:40:38,3,83,489.68,407.74,81.94,16.72,13.53,3.18,81,16
2025-07-21 08:40:39,3,83,489.68,407.74,81.94,16.72,13.52,3.2,81,13
2025-07-21 08:40:39,3,83,489.68,407.74,81.94,16.72,13.53,3.19,81,34
2025-07-21 08:40:40,3,83,489.68,407.74,81.94,16.72,13.57,3.15,81,33
2025-07-21 08:40:40,3,83,489.68,407.74,81.94,16.72,13.56,3.16,81,33
2025-07-21 08:40:43,3,83,489.68,407.74,81.94,16.72,13.59,3.13,81,20
2025-07-21 08:40:44,3,83,489.68,407.74,81.94,16.72,13.58,3.14,81,22
2025-07-21 08:40:44,3,83,489.68,407.74,81.94,16.72,13.58,3.14,81,22
2025-07-21 08:40:45,3,83,489.68,407.74,81.94,16.72,13.55,3.17,81,25
2025-07-21 08:40:45,3,83,489.68,407.74,81.94,16.72,13.54,3.18,81,20
2025-07-21 08:40:46,3,83,489.68,407.74,81.94,16.72,13.54,3.18,81,26
2025-07-21 08:40:46,3,83,489.68,407.74,81.94,16.72,13.56,3.16,81,19
2025-07-21 08:40:47,3,83,489.68,407.74,81.94,16.72,13.57,3.15,81,27
2025-07-21 08:40:47,3,83,489.68,407.74,81.94,16.72,13.58,3.14,81,18
2025-07-21 08:40:48,3,83,489.68,407.74,81.94,16.72,13.58,3.14,81,18
2025-07-21 08:40:48,3,83,489.68,407.74,81.94,16.72,13.6,3.12,81,23
2025-07-21 08:40:49,3,83,489.68,407.74,81.94,16.72,13.61,3.11,81,29
2025-07-21 08:40:49,3,83,489.68,407.74,81.94,16.72,13.62,3.1,81,17
2025-07-21 08:40:50,3,83,489.68,407.74,81.94,16.72,13.63,3.09,82,17
2025-07-21 08:40:50,3,83,489.68,407.74,81.94,16.72,13.61,3.1,81,46
2025-07-21 08:40:51,3,83,489.68,407.74,81.94,16.72,13.65,3.07,82,28
2025-07-21 08:40:51,3,83,489.68,407.74,81.94,16.72,13.64,3.08,82,30
2025-07-21 08:40:52,3,83,489.68,407.74,81.94,16.72,13.66,3.05,82,28
2025-07-21 08:40:53,3,83,489.68,407.74,81.94,16.72,13.65,3.06,82,19
2025-07-21 08:40:53,3,83,489.68,407.74,81.94,16.72,13.67,3.05,82,17
2025-07-21 08:40:54,3,83,489.68,407.74,81.94,16.72,13.66,3.06,82,31
2025-07-21 08:40:54,3,83,489.68,407.74,81.94,16.72,13.66,3.06,82,24
2025-07-21 08:40:54,3,83,489.68,407.74,81.94,16.72,13.69,3.03,82,29
2025-07-21 08:40:55,3,83,489.68,407.74,81.94,16.72,13.68,3.04,82,18
2025-07-21 08:40:55,3,83,489.68,407.74,81.94,16.72,13.68,3.03,82,32
2025-07-21 08:40:56,3,83,489.68,407.74,81.94,16.72,13.73,2.99,82,24
2025-07-21 08:40:56,3,83,489.68,407.74,81.94,16.72,13.72,3.0,82,20
2025-07-21 08:40:57,3,83,489.68,407.74,81.94,16.72,13.72,3.0,82,25
2025-07-21 08:40:58,3,83,489.68,407.74,81.94,16.72,13.77,2.94,82,25
2025-07-21 08:40:59,3,83,489.68,407.74,81.94,16.72,13.76,2.96,82,20
2025-07-21 08:41:00,3,83,489.68,407.74,81.94,16.72,13.75,2.96,82,44
2025-07-21 08:41:01,3,83,489.68,407.74,81.94,16.72,13.84,2.88,83,49
2025-07-21 08:41:02,3,83,489.68,407.74,81.94,16.72,13.86,2.86,83,34
2025-07-21 08:41:03,3,83,489.68,407.74,81.94,16.72,13.92,2.8,83,51
2025-07-21 08:41:04,3,83,489.68,407.74,81.94,16.72,13.9,2.82,83,44
2025-07-21 08:41:05,3,83,489.68,407.74,81.94,16.72,13.84,2.88,83,36
2025-07-21 08:41:06,3,83,489.68,407.74,81.94,16.72,13.77,2.95,82,42
2025-07-21 08:41:07,3,83,489.68,407.74,81.94,16.72,13.71,3.01,82,27
2025-07-21 08:41:08,3,83,489.68,407.74,81.94,16.72,13.71,3.01,82,32
2025-07-21 08:41:09,3,83,489.68,407.74,81.94,16.72,13.67,3.05,82,43
2025-07-21 08:41:10,3,83,489.68,407.74,81.94,16.72,13.66,3.05,82,43
2025-07-21 08:41:11,3,83,489.68,407.74,81.94,16.72,13.69,3.03,82,38
2025-07-21 08:41:12,3,83,489.68,407.74,81.94,16.72,13.67,3.05,82,35
2025-07-21 08:41:15,3,83,489.68,407.74,81.94,16.72,13.64,3.07,82,40
2025-07-21 08:41:16,3,83,489.68,407.74,81.94,16.72,13.65,3.07,82,44
2025-07-21 08:41:16,3,83,489.68,407.74,81.94,16.72,13.67,3.05,82,37
2025-07-21 08:41:17,3,83,489.68,407.74,81.94,16.72,13.67,3.05,82,38
2025-07-21 08:41:17,3,83,489.68,407.74,81.94,16.72,13.66,3.06,82,33
2025-07-21 08:41:18,3,83,489.68,407.74,81.94,16.72,13.66,3.06,82,28
2025-07-21 08:41:19,3,83,489.68,407.74,81.94,16.72,13.63,3.09,82,17
2025-07-21 08:41:20,3,83,489.68,407.74,81.94,16.72,13.67,3.05,82,33
2025-07-21 08:41:21,3,83,489.68,407.74,81.94,16.72,13.67,3.05,82,14
2025-07-21 08:41:22,3,83,489.68,407.74,81.94,16.72,13.67,3.04,82,30
2025-07-21 08:41:23,3,83,489.68,407.74,81.94,16.72,13.69,3.03,82,17
2025-07-21 08:41:24,3,83,489.68,407.74,81.94,16.72,13.64,3.08,82,19
2025-07-21 08:41:25,3,83,489.68,407.74,81.94,16.72,13.63,3.09,82,18
2025-07-21 08:41:26,3,83,489.68,407.74,81.94,16.72,13.61,3.11,81,22
2025-07-21 08:41:27,3,83,489.68,407.74,81.94,16.72,13.61,3.11,81,15
2025-07-21 08:41:28,3,83,489.68,407.74,81.94,16.72,13.58,3.14,81,25
2025-07-21 08:41:29,3,83,489.68,407.74,81.94,16.72,13.59,3.13,81,13
2025-07-21 08:41:30,3,83,489.68,407.74,81.94,16.72,13.59,3.13,81,26
2025-07-21 08:41:31,3,83,489.68,407.74,81.94,16.72,13.52,3.19,81,16
2025-07-21 08:41:32,3,83,489.68,407.74,81.94,16.72,13.54,3.17,81,13
2025-07-21 08:41:33,3,83,489.68,407.74,81.94,16.72,13.5,3.22,81,23
2025-07-21 08:41:34,3,83,489.68,407.74,81.94,16.72,13.48,3.24,81,22
2025-07-21 08:41:35,3,83,489.68,407.74,81.94,16.72,13.5,3.22,81,23
2025-07-21 08:41:36,3,83,489.68,407.74,81.94,16.72,13.58,3.14,81,18
2025-07-21 08:41:37,3,83,489.68,407.74,81.94,16.72,13.62,3.1,82,18
2025-07-21 08:41:37,3,83,489.68,407.74,81.94,16.72,13.71,3.01,82,19
2025-07-21 08:41:38,3,83,489.68,407.74,81.94,16.72,13.71,3.01,82,37
2025-07-21 08:41:38,3,83,489.68,407.74,81.94,16.72,13.73,2.99,82,35
2025-07-21 08:41:38,3,83,489.68,407.74,81.94,16.72,13.75,2.97,82,31
2025-07-21 08:41:39,3,83,489.68,407.74,81.94,16.72,13.73,2.99,82,22
2025-07-21 08:41:39,3,83,489.68,407.74,81.94,16.72,13.74,2.98,82,27
2025-07-21 08:41:39,3,83,489.68,407.74,81.94,16.72,13.76,2.96,82,24
2025-07-21 08:41:40,3,83,489.68,407.74,81.94,16.72,13.77,2.94,82,18
2025-07-21 08:41:40,3,83,489.68,407.74,81.94,16.72,13.76,2.95,82,34
2025-07-21 08:41:41,3,83,489.68,407.74,81.94,16.72,13.77,2.95,82,39
2025-07-21 08:41:41,3,83,489.68,407.74,81.94,16.72,13.89,2.83,83,26
2025-07-21 08:41:42,3,83,489.68,407.74,81.94,16.72,13.87,2.84,83,20
2025-07-21 08:41:42,3,83,489.68,407.74,81.94,16.72,13.85,2.87,83,17
2025-07-21 08:41:43,3,83,489.68,407.74,81.94,16.72,13.82,2.9,83,27
2025-07-21 08:41:43,3,83,489.68,407.74,81.94,16.72,13.85,2.87,83,26
2025-07-21 08:41:44,3,83,489.68,407.74,81.94,16.72,13.85,2.86,83,19
2025-07-21 08:41:44,3,83,489.68,407.74,81.94,16.72,13.86,2.86,83,22
2025-07-21 08:41:45,3,83,489.68,407.74,81.94,16.72,13.84,2.87,83,16
2025-07-21 08:41:45,3,83,489.68,407.74,81.94,16.72,13.78,2.94,82,32
2025-07-21 08:41:46,3,83,489.68,407.74,81.94,16.72,13.79,2.93,82,40
2025-07-21 08:41:47,3,83,489.68,407.74,81.94,16.72,13.84,2.88,83,29
2025-07-21 08:41:47,3,83,489.68,407.74,81.94,16.72,13.83,2.89,83,25
2025-07-21 08:41:48,3,83,489.68,407.74,81.94,16.72,13.82,2.9,83,16
2025-07-21 08:41:48,3,83,489.68,407.74,81.94,16.72,13.78,2.94,82,22
2025-07-21 08:41:48,3,83,489.68,407.74,81.94,16.72,13.78,2.94,82,25
2025-07-21 08:41:49,3,83,489.68,407.74,81.94,16.72,13.74,2.98,82,17
2025-07-21 08:41:50,3,83,489.68,407.74,81.94,16.72,13.7,3.02,82,26
2025-07-21 08:41:50,3,83,489.68,407.74,81.94,16.72,13.72,2.99,82,19
2025-07-21 08:41:51,3,83,489.68,407.74,81.93,16.72,13.7,3.02,82,41
2025-07-21 08:41:52,3,83,489.68,407.74,81.93,16.72,13.69,3.03,82,15
2025-07-21 08:41:53,3,83,489.68,407.74,81.93,16.72,13.65,3.07,82,27
2025-07-21 08:41:53,3,83,489.68,407.74,81.93,16.72,13.65,3.07,82,22
2025-07-21 08:41:54,3,83,489.68,407.74,81.93,16.72,13.64,3.08,82,26
2025-07-21 08:41:54,3,83,489.68,407.74,81.93,16.72,13.61,3.11,81,22
2025-07-21 08:41:55,3,83,489.68,407.74,81.93,16.72,13.59,3.13,81,20
2025-07-21 08:41:55,3,83,489.68,407.74,81.93,16.72,13.59,3.13,81,16
2025-07-21 08:41:56,3,83,489.68,407.74,81.93,16.72,13.55,3.17,81,24
2025-07-21 08:41:56,3,83,489.68,407.74,81.93,16.72,13.56,3.16,81,33
2025-07-21 08:41:57,3,83,489.68,407.74,81.93,16.72,13.57,3.15,81,38
2025-07-21 08:41:58,3,83,489.68,407.74,81.93,16.72,13.56,3.15,81,19
2025-07-21 08:41:59,3,83,489.68,407.74,81.93,16.72,13.55,3.17,81,19
2025-07-21 08:42:00,3,83,489.68,407.74,81.93,16.72,13.55,3.17,81,17
2025-07-21 08:42:01,3,83,489.68,407.74,81.93,16.72,13.53,3.19,81,20
2025-07-21 08:42:02,3,83,489.68,407.74,81.93,16.72,13.51,3.2,81,41
2025-07-21 08:42:03,3,83,489.68,407.74,81.93,16.72,13.48,3.24,81,46
2025-07-21 08:42:04,3,83,489.68,407.74,81.93,16.72,13.43,3.28,80,30
2025-07-21 08:42:05,3,83,489.68,407.74,81.93,16.72,13.45,3.27,80,41
2025-07-21 08:42:06,3,83,489.68,407.74,81.93,16.72,13.39,3.32,80,33
2025-07-21 08:42:07,3,83,489.68,407.74,81.93,16.72,13.39,3.33,80,39
2025-07-21 08:42:08,3,83,489.68,407.74,81.93,16.72,13.41,3.31,80,40
2025-07-21 08:42:09,3,83,489.68,407.74,81.93,16.72,13.36,3.36,80,40
2025-07-21 08:42:10,3,83,489.68,407.74,81.93,16.72,13.34,3.38,80,35
2025-07-21 08:42:11,3,83,489.68,407.74,81.93,16.72,13.34,3.38,80,37
2025-07-21 08:42:12,3,83,489.68,407.74,81.93,16.72,13.37,3.35,80,29
2025-07-21 08:42:13,3,83,489.68,407.74,81.93,16.72,13.44,3.27,80,28
2025-07-21 08:42:14,3,83,489.68,407.74,81.93,16.72,13.43,3.29,80,28
2025-07-21 08:42:15,3,83,489.68,407.74,81.93,16.72,13.42,3.3,80,26
2025-07-21 08:42:16,3,83,489.68,407.74,81.93,16.72,13.41,3.3,80,40
2025-07-21 08:42:16,3,83,489.68,407.74,81.93,16.72,13.51,3.21,81,37
2025-07-21 08:42:17,3,83,489.68,407.74,81.93,16.72,13.5,3.22,81,29
2025-07-21 08:42:17,3,83,489.68,407.74,81.93,16.72,13.5,3.22,81,34
2025-07-21 08:42:18,3,83,489.68,407.74,81.93,16.72,13.5,3.22,81,37
2025-07-21 08:42:18,3,83,489.68,407.74,81.93,16.72,13.52,3.19,81,46
2025-07-21 08:42:19,3,83,489.68,407.74,81.93,16.72,13.49,3.23,81,39
2025-07-21 08:42:20,3,83,489.68,407.74,81.93,16.72,13.51,3.21,81,31
2025-07-21 08:42:21,3,83,489.68,407.74,81.93,16.72,13.53,3.19,81,20
2025-07-21 08:42:21,3,83,489.68,407.74,81.93,16.72,13.53,3.19,81,20
2025-07-21 08:42:22,3,83,489.68,407.74,81.93,16.72,13.54,3.18,81,20
2025-07-21 08:42:22,3,83,489.68,407.74,81.93,16.72,13.53,3.19,81,24
2025-07-21 08:42:23,3,83,489.68,407.74,81.93,16.72,13.53,3.19,81,20
2025-07-21 08:42:23,3,83,489.68,407.74,81.93,16.72,13.52,3.19,81,20
2025-07-21 08:42:24,3,83,489.68,407.74,81.93,16.72,13.52,3.2,81,19
2025-07-21 08:42:24,3,83,489.68,407.74,81.93,16.72,13.52,3.2,81,21
2025-07-21 08:42:25,3,83,489.68,407.74,81.93,16.72,13.53,3.19,81,19
2025-07-21 08:42:25,3,83,489.68,407.74,81.93,16.72,13.51,3.2,81,21
2025-07-21 08:42:26,3,83,489.68,407.74,81.93,16.72,13.53,3.19,81,20
2025-07-21 08:42:26,3,83,489.68,407.74,81.93,16.72,13.52,3.2,81,32
2025-07-21 08:42:27,3,83,489.68,407.74,81.93,16.72,13.52,3.19,81,27
2025-07-21 08:42:28,3,83,489.68,407.74,81.93,16.72,13.57,3.15,81,27
2025-07-21 08:42:29,3,83,489.68,407.74,81.93,16.72,13.56,3.16,81,20
2025-07-21 08:42:31,3,83,489.68,407.74,81.93,16.72,13.54,3.18,81,26
2025-07-21 08:42:32,3,83,489.68,407.74,81.93,16.72,13.51,3.2,81,22
2025-07-21 08:42:32,3,83,489.68,407.74,81.93,16.72,13.49,3.23,81,19
2025-07-21 08:42:33,3,83,489.68,407.74,81.93,16.72,13.48,3.24,81,18
2025-07-21 08:42:34,3,83,489.68,407.74,81.93,16.72,13.47,3.25,81,17
2025-07-21 08:42:35,3,83,489.68,407.74,81.93,16.72,13.44,3.27,80,12
2025-07-21 08:42:36,3,83,489.68,407.74,81.93,16.72,13.43,3.28,80,23
2025-07-21 08:42:37,3,83,489.68,407.74,81.93,16.72,13.45,3.27,80,13
2025-07-21 08:42:38,3,83,489.68,407.74,81.93,16.72,13.44,3.28,80,13
2025-07-21 08:42:39,3,83,489.68,407.74,81.93,16.72,13.44,3.28,80,22
2025-07-21 08:42:40,3,83,489.68,407.74,81.93,16.72,13.38,3.33,80,15
2025-07-21 08:42:41,3,83,489.68,407.74,81.93,16.72,13.38,3.34,80,14
2025-07-21 08:42:42,3,83,489.68,407.74,81.93,16.72,13.37,3.35,80,23
2025-07-21 08:42:43,3,83,489.68,407.74,81.93,16.72,13.38,3.34,80,13
2025-07-21 08:42:44,3,83,489.68,407.74,81.93,16.72,13.37,3.35,80,16
2025-07-21 08:42:45,3,83,489.68,407.74,81.93,16.72,13.38,3.34,80,13
2025-07-21 08:42:46,3,83,489.68,407.74,81.93,16.72,13.33,3.39,80,15
2025-07-21 08:42:47,3,83,489.68,407.74,81.93,16.72,13.36,3.36,80,34
2025-07-21 08:42:48,3,83,489.68,407.74,81.93,16.72,13.37,3.34,80,14
2025-07-21 08:42:51,3,83,489.68,407.75,81.93,16.72,13.46,3.26,80,16
2025-07-21 08:42:51,3,83,489.68,407.75,81.93,16.72,13.46,3.26,80,16
2025-07-21 08:42:52,3,83,489.68,407.75,81.93,16.72,13.44,3.28,80,20
2025-07-21 08:42:52,3,83,489.68,407.75,81.93,16.72,13.45,3.27,80,24
2025-07-21 08:42:53,3,83,489.68,407.75,81.93,16.72,13.46,3.26,80,17
2025-07-21 08:42:54,3,83,489.68,407.75,81.93,16.72,13.45,3.27,80,14
2025-07-21 08:42:55,3,83,489.68,407.75,81.93,16.72,13.46,3.26,80,12
2025-07-21 08:42:56,3,83,489.68,407.75,81.93,16.72,13.43,3.29,80,15
2025-07-21 08:42:57,3,83,489.68,407.75,81.93,16.72,13.43,3.29,80,16
2025-07-21 08:42:58,3,83,489.68,407.75,81.93,16.72,13.36,3.36,80,13
2025-07-21 08:42:59,3,83,489.68,407.75,81.93,16.72,13.31,3.41,80,23
2025-07-21 08:43:00,3,83,489.68,407.75,81.93,16.72,13.33,3.39,80,20
2025-07-21 08:43:03,3,83,489.68,407.75,81.93,16.72,13.47,3.25,81,35
2025-07-21 08:43:03,3,83,489.68,407.75,81.93,16.72,13.44,3.28,80,37
2025-07-21 08:43:04,3,83,489.68,407.75,81.93,16.72,13.45,3.27,80,48
2025-07-21 08:43:04,3,83,489.68,407.75,81.93,16.72,13.45,3.27,80,58
2025-07-21 08:43:05,3,83,489.68,407.75,81.93,16.72,13.45,3.27,80,51
2025-07-21 08:43:06,3,83,489.68,407.75,81.93,16.72,13.47,3.25,80,48
2025-07-21 08:43:07,3,83,489.68,407.75,81.93,16.72,13.46,3.26,80,41
2025-07-21 08:43:08,3,83,489.68,407.75,81.93,16.72,13.55,3.16,81,55
2025-07-21 08:43:09,3,83,489.68,407.75,81.93,16.72,13.55,3.17,81,49
2025-07-21 08:43:10,3,83,489.68,407.75,81.93,16.72,13.55,3.17,81,51
2025-07-21 08:43:11,3,83,489.68,407.75,81.93,16.72,13.56,3.16,81,39
2025-07-21 08:43:12,3,83,489.68,407.75,81.93,16.72,13.56,3.16,81,58
2025-07-21 08:43:13,3,83,489.68,407.75,81.93,16.72,13.57,3.15,81,56
2025-07-21 08:43:16,3,83,489.68,407.75,81.93,16.72,13.53,3.19,81,26
2025-07-21 08:43:17,3,83,489.68,407.75,81.93,16.72,13.51,3.2,81,31
2025-07-21 08:43:17,3,83,489.68,407.75,81.93,16.72,13.54,3.18,81,31
2025-07-21 08:43:18,3,83,489.68,407.75,81.93,16.72,13.52,3.2,81,34
2025-07-21 08:43:18,3,83,489.68,407.75,81.93,16.72,13.53,3.19,81,35
2025-07-21 08:43:19,3,83,489.68,407.75,81.93,16.72,13.52,3.2,81,38
2025-07-21 08:43:20,3,83,489.68,407.75,81.93,16.72,13.54,3.18,81,29
2025-07-21 08:43:21,3,83,489.68,407.75,81.93,16.72,13.54,3.17,81,34
2025-07-21 08:43:22,3,83,489.68,407.75,81.93,16.72,13.55,3.17,81,29
2025-07-21 08:43:23,3,83,489.68,407.75,81.93,16.72,13.55,3.17,81,20
2025-07-21 08:43:24,3,83,489.68,407.75,81.93,16.72,13.5,3.21,81,20
2025-07-21 08:43:25,3,83,489.68,407.75,81.93,16.72,13.45,3.27,80,15
2025-07-21 08:43:26,3,83,489.68,407.75,81.93,16.72,13.45,3.27,80,13
2025-07-21 08:43:32,3,83,489.68,407.75,81.93,16.72,13.47,3.25,81,27
2025-07-21 08:43:40,3,83,489.68,407.75,81.93,16.72,13.54,3.18,81,16
2025-07-21 08:43:41,3,83,489.68,407.75,81.93,16.72,13.56,3.16,81,22
2025-07-21 08:43:41,3,83,489.68,407.75,81.93,16.72,13.56,3.16,81,25
2025-07-21 08:43:42,3,83,489.68,407.75,81.93,16.72,13.56,3.16,81,22
2025-07-21 08:43:42,3,83,489.68,407.75,81.93,16.72,13.56,3.16,81,33
2025-07-21 08:43:43,3,83,489.68,407.75,81.93,16.72,13.62,3.1,82,29
2025-07-21 08:43:43,3,83,489.68,407.75,81.93,16.72,13.63,3.09,82,16
2025-07-21 08:43:44,3,83,489.68,407.75,81.93,16.72,13.62,3.1,82,11
2025-07-21 08:43:44,3,83,489.68,407.75,81.93,16.72,13.61,3.1,81,24
2025-07-21 08:43:45,3,83,489.68,407.75,81.93,16.72,13.62,3.1,82,31
2025-07-21 08:43:45,3,83,489.68,407.75,81.93,16.72,13.64,3.08,82,32
2025-07-21 08:43:45,3,83,489.68,407.75,81.93,16.72,13.6,3.12,81,24
2025-07-21 08:43:46,3,83,489.68,407.75,81.93,16.72,13.59,3.13,81,24
2025-07-21 08:43:46,3,83,489.68,407.75,81.93,16.72,13.59,3.13,81,25
2025-07-21 08:43:47,3,83,489.68,407.75,81.93,16.72,13.56,3.16,81,12
2025-07-21 08:43:47,3,83,489.68,407.75,81.93,16.72,13.55,3.17,81,17
2025-07-21 08:43:48,3,83,489.68,407.75,81.93,16.72,13.55,3.17,81,18
2025-07-21 08:43:48,3,83,489.68,407.75,81.93,16.72,13.55,3.17,81,20
2025-07-21 08:43:49,3,83,489.68,407.75,81.93,16.72,13.55,3.17,81,21
2025-07-21 08:43:49,3,83,489.68,407.75,81.93,16.72,13.54,3.18,81,27
2025-07-21 08:43:56,3,83,489.68,407.75,81.93,16.72,13.54,3.18,81,30
2025-07-21 08:43:56,3,83,489.68,407.75,81.93,16.72,13.53,3.19,81,12
2025-07-21 08:43:57,3,83,489.68,407.75,81.93,16.72,13.54,3.18,81,17
2025-07-21 08:43:57,3,83,489.68,407.75,81.93,16.72,13.52,3.2,81,20
2025-07-21 08:43:58,3,83,489.68,407.75,81.93,16.72,13.51,3.21,81,22
2025-07-21 08:43:58,3,83,489.68,407.75,81.93,16.72,13.49,3.22,81,18
2025-07-21 08:43:59,3,83,489.68,407.75,81.93,16.72,13.5,3.21,81,23
2025-07-21 08:43:59,3,83,489.68,407.75,81.93,16.72,13.49,3.22,81,13
2025-07-21 08:44:00,3,83,489.68,407.75,81.93,16.72,13.51,3.21,81,29
2025-07-21 08:44:00,3,83,489.68,407.75,81.93,16.72,13.52,3.2,81,18
2025-07-21 08:44:01,3,83,489.68,407.75,81.93,16.72,13.52,3.2,81,19
2025-07-21 08:44:01,3,83,489.68,407.75,81.93,16.72,13.52,3.2,81,28
2025-07-21 08:44:02,3,83,489.68,407.75,81.93,16.72,13.57,3.15,81,23
2025-07-21 08:44:02,3,83,489.68,407.75,81.93,16.72,13.56,3.16,81,19
2025-07-21 08:44:03,3,83,489.68,407.75,81.93,16.72,13.55,3.16,81,21
2025-07-21 08:44:03,3,83,489.68,407.75,81.93,16.72,13.52,3.19,81,15
2025-07-21 08:44:04,3,83,489.68,407.75,81.93,16.72,13.52,3.2,81,28
2025-07-21 08:44:05,3,83,489.68,407.75,81.93,16.72,13.55,3.17,81,43
2025-07-21 08:44:05,3,83,489.68,407.75,81.93,16.72,13.59,3.12,81,38
2025-07-21 08:44:06,3,83,489.68,407.75,81.93,16.72,13.61,3.11,81,35
2025-07-21 08:44:06,3,83,489.68,407.75,81.93,16.72,13.6,3.12,81,52
2025-07-21 08:44:07,3,83,489.68,407.75,81.93,16.72,13.65,3.07,82,40
2025-07-21 08:44:07,3,83,489.68,407.75,81.93,16.72,13.66,3.06,82,30
2025-07-21 08:44:08,3,83,489.68,407.75,81.93,16.72,13.65,3.07,82,48
2025-07-21 08:44:08,3,83,489.68,407.75,81.93,16.72,13.64,3.07,82,41
2025-07-21 08:44:09,3,83,489.68,407.75,81.93,16.72,13.65,3.07,82,36
2025-07-21 08:44:10,3,83,489.68,407.75,81.93,16.72,13.64,3.07,82,45
2025-07-21 08:44:11,3,83,489.68,407.75,81.93,16.72,13.64,3.08,82,51
2025-07-21 08:44:12,3,83,489.68,407.75,81.93,16.72,13.66,3.06,82,53
2025-07-21 08:44:13,3,83,489.68,407.75,81.93,16.72,13.6,3.12,81,44
2025-07-21 08:44:14,3,83,489.68,407.75,81.93,16.72,13.54,3.18,81,40
2025-07-21 08:44:15,3,83,489.68,407.75,81.93,16.72,13.54,3.18,81,28
2025-07-21 08:44:16,3,83,489.68,407.75,81.93,16.72,13.5,3.22,81,29
2025-07-21 08:44:17,3,83,489.68,407.75,81.93,16.72,13.51,3.21,81,33
2025-07-21 08:44:18,3,83,489.68,407.75,81.93,16.72,13.5,3.22,81,30
2025-07-21 08:44:19,3,83,489.68,407.75,81.93,16.72,13.51,3.2,81,33
2025-07-21 08:44:20,3,83,489.68,407.75,81.93,16.72,13.49,3.23,81,32
2025-07-21 08:44:21,3,83,489.68,407.75,81.93,16.72,13.49,3.23,81,28
2025-07-21 08:44:22,3,83,489.68,407.75,81.93,16.72,13.48,3.24,81,25
2025-07-21 08:44:23,3,83,489.68,407.75,81.93,16.72,13.51,3.21,81,27
2025-07-21 08:44:24,3,83,489.68,407.75,81.93,16.72,13.47,3.25,81,14
2025-07-21 08:44:25,3,83,489.68,407.75,81.93,16.72,13.48,3.24,81,20
2025-07-21 08:44:26,3,83,489.68,407.75,81.93,16.72,13.46,3.26,80,13
2025-07-21 08:44:27,3,83,489.68,407.75,81.93,16.72,13.46,3.26,80,17
2025-07-21 08:44:28,3,83,489.68,407.75,81.93,16.72,13.45,3.26,80,21
2025-07-21 08:44:29,3,83,489.68,407.75,81.93,16.72,13.45,3.27,80,12
2025-07-21 08:44:30,3,83,489.68,407.75,81.93,16.72,13.45,3.26,80,24
2025-07-21 08:44:31,3,83,489.68,407.75,81.93,16.72,13.45,3.27,80,24
2025-07-21 08:44:32,3,83,489.68,407.75,81.93,16.72,13.44,3.27,80,21
2025-07-21 08:44:33,3,83,489.68,407.75,81.93,16.72,13.44,3.28,80,12
2025-07-21 08:44:34,3,83,489.68,407.75,81.93,16.72,13.45,3.27,80,14
2025-07-21 08:44:35,3,83,489.68,407.75,81.93,16.72,13.45,3.27,80,14
2025-07-21 08:44:36,3,83,489.68,407.75,81.93,16.72,13.45,3.27,80,16
2025-07-21 08:44:37,3,83,489.68,407.75,81.93,16.72,13.46,3.26,80,14
2025-07-21 08:44:38,3,83,489.68,407.75,81.93,16.72,13.44,3.28,80,19
2025-07-21 08:44:39,3,83,489.68,407.75,81.93,16.72,13.44,3.28,80,16
2025-07-21 08:44:40,3,83,489.68,407.75,81.93,16.72,13.43,3.28,80,12
2025-07-21 08:44:41,3,83,489.68,407.75,81.93,16.72,13.43,3.29,80,13
2025-07-21 08:44:42,3,83,489.68,407.75,81.93,16.72,13.44,3.28,80,32
2025-07-21 08:44:43,3,83,489.68,407.75,81.93,16.72,13.38,3.34,80,38
2025-07-21 08:44:44,3,83,489.68,407.75,81.93,16.72,13.34,3.37,80,16
2025-07-21 08:44:45,3,83,489.68,407.75,81.93,16.72,13.35,3.37,80,19
2025-07-21 08:44:46,3,83,489.68,407.75,81.93,16.72,13.34,3.38,80,12
2025-07-21 08:44:47,3,83,489.68,407.75,81.93,16.72,13.34,3.37,80,16
2025-07-21 08:44:48,3,83,489.68,407.75,81.93,16.72,13.34,3.38,80,24
2025-07-21 08:44:49,3,83,489.68,407.75,81.93,16.72,13.35,3.37,80,19
2025-07-21 08:44:50,3,83,489.68,407.75,81.93,16.72,13.36,3.35,80,14
2025-07-21 08:44:51,3,83,489.68,407.75,81.93,16.72,13.35,3.37,80,18
2025-07-21 08:44:52,3,83,489.68,407.75,81.93,16.72,13.36,3.36,80,14
2025-07-21 08:44:53,3,83,489.68,407.75,81.93,16.72,13.36,3.36,80,30
2025-07-21 08:44:54,3,83,489.68,407.75,81.93,16.72,13.38,3.34,80,21
2025-07-21 08:44:55,3,83,489.68,407.75,81.93,16.72,13.34,3.38,80,23
2025-07-21 08:44:56,3,83,489.68,407.75,81.93,16.72,13.33,3.38,80,23
2025-07-21 08:44:57,3,83,489.68,407.75,81.93,16.72,13.32,3.4,80,18
2025-07-21 08:44:58,3,83,489.68,407.75,81.93,16.72,13.33,3.39,80,18
2025-07-21 08:44:59,3,83,489.68,407.75,81.93,16.72,13.34,3.38,80,20
2025-07-21 08:45:00,3,83,489.68,407.75,81.93,16.72,13.34,3.38,80,19
2025-07-21 08:45:01,3,83,489.68,407.75,81.93,16.72,13.33,3.39,80,17
2025-07-21 08:45:02,3,83,489.68,407.75,81.93,16.72,13.33,3.39,80,30
2025-07-21 08:45:03,3,83,489.68,407.75,81.93,16.72,13.33,3.39,80,19
2025-07-21 08:45:04,3,83,489.68,407.75,81.93,16.72,13.34,3.38,80,18
2025-07-21 08:45:05,3,83,489.68,407.75,81.93,16.72,13.34,3.38,80,19
2025-07-21 08:45:06,3,83,489.68,407.75,81.93,16.72,13.34,3.37,80,17
2025-07-21 08:45:07,3,83,489.68,407.75,81.93,16.72,13.33,3.39,80,25
2025-07-21 08:45:20,3,83,489.68,407.75,81.93,16.72,13.38,3.33,80,28
2025-07-21 08:45:21,3,83,489.68,407.75,81.93,16.72,13.42,3.3,80,42
2025-07-21 08:45:21,3,83,489.68,407.75,81.93,16.72,13.4,3.32,80,41
2025-07-21 08:45:22,3,83,489.68,407.75,81.93,16.72,13.4,3.32,80,39
2025-07-21 08:45:22,3,83,489.68,407.75,81.93,16.72,13.41,3.31,80,28
2025-07-21 08:45:23,3,83,489.68,407.75,81.93,16.72,13.41,3.31,80,33
2025-07-21 08:45:23,3,83,489.68,407.75,81.93,16.72,13.4,3.32,80,46
2025-07-21 08:45:24,3,83,489.68,407.75,81.93,16.72,13.36,3.36,80,36
2025-07-21 08:45:24,3,83,489.68,407.75,81.93,16.72,13.34,3.37,80,29
2025-07-21 08:45:25,3,83,489.68,407.75,81.93,16.72,13.34,3.38,80,36
2025-07-21 08:45:26,3,83,489.68,407.75,81.93,16.72,13.33,3.39,80,32
2025-07-21 08:45:26,3,83,489.68,407.75,81.93,16.72,13.33,3.39,80,23
2025-07-21 08:45:27,3,83,489.68,407.75,81.93,16.72,13.31,3.41,80,24
2025-07-21 08:45:27,3,83,489.68,407.75,81.93,16.72,13.3,3.42,80,26
2025-07-21 08:45:28,3,83,489.68,407.75,81.93,16.72,13.29,3.43,80,21
2025-07-21 08:45:28,3,83,489.68,407.75,81.93,16.72,13.32,3.4,80,20
2025-07-21 08:45:29,3,83,489.68,407.74,81.93,16.72,13.33,3.39,80,18
2025-07-21 08:45:29,3,83,489.68,407.74,81.93,16.72,13.32,3.4,80,23
2025-07-21 08:45:30,3,83,489.68,407.74,81.93,16.72,13.31,3.41,80,37
2025-07-21 08:45:31,3,83,489.68,407.74,81.93,16.72,13.32,3.4,80,16
2025-07-21 08:45:32,3,83,489.68,407.74,81.93,16.72,13.39,3.33,80,31
2025-07-21 08:45:35,3,83,489.68,407.74,81.93,16.72,13.46,3.26,80,11
2025-07-21 08:45:35,3,83,489.68,407.74,81.93,16.72,13.44,3.28,80,19
2025-07-21 08:45:36,3,83,489.68,407.74,81.93,16.72,13.42,3.3,80,24
2025-07-21 08:45:37,3,83,489.68,407.74,81.93,16.72,13.42,3.3,80,12
2025-07-21 08:45:37,3,83,489.68,407.74,81.93,16.72,13.41,3.31,80,20
2025-07-21 08:45:38,3,83,489.68,407.74,81.93,16.72,13.52,3.2,81,28
2025-07-21 08:45:39,3,83,489.68,407.74,81.93,16.72,13.52,3.2,81,20
2025-07-21 08:45:40,3,83,489.68,407.74,81.93,16.72,13.51,3.2,81,37
2025-07-21 08:45:41,3,83,489.68,407.74,81.93,16.72,13.57,3.14,81,24
2025-07-21 08:45:42,3,83,489.68,407.74,81.93,16.72,13.57,3.15,81,19
2025-07-21 08:45:43,3,83,489.68,407.74,81.93,16.72,13.56,3.16,81,22
2025-07-21 08:45:44,3,83,489.68,407.74,81.93,16.72,13.51,3.2,81,30
2025-07-21 08:45:45,3,83,489.68,407.74,81.93,16.72,13.57,3.14,81,24
2025-07-21 08:45:46,3,83,489.68,407.74,81.93,16.72,13.58,3.14,81,26
2025-07-21 08:45:47,3,83,489.68,407.74,81.93,16.72,13.61,3.11,81,21
2025-07-21 08:45:48,3,83,489.68,407.74,81.93,16.72,13.5,3.22,81,23
2025-07-21 08:45:49,3,83,489.68,407.74,81.93,16.72,13.51,3.21,81,33
2025-07-21 08:45:50,3,83,489.68,407.74,81.93,16.72,13.58,3.14,81,22
2025-07-21 08:45:51,3,83,489.68,407.74,81.93,16.72,13.55,3.16,81,15
2025-07-21 08:45:52,3,83,489.68,407.74,81.93,16.72,13.53,3.19,81,18
2025-07-21 08:45:53,3,83,489.68,407.74,81.93,16.72,13.53,3.19,81,16
2025-07-21 08:45:54,3,83,489.68,407.74,81.93,16.72,13.45,3.27,80,22
2025-07-21 08:45:55,3,83,489.68,407.74,81.93,16.72,13.45,3.27,80,13
2025-07-21 08:45:56,3,83,489.68,407.74,81.93,16.72,13.45,3.27,80,34
2025-07-21 08:45:57,3,83,489.68,407.74,81.93,16.72,13.6,3.12,81,25
2025-07-21 08:46:00,3,83,489.68,407.74,81.93,16.72,13.58,3.14,81,17
2025-07-21 08:46:01,3,83,489.68,407.74,81.93,16.72,13.56,3.16,81,21
2025-07-21 08:46:01,3,83,489.68,407.74,81.93,16.72,13.56,3.16,81,19
2025-07-21 08:46:02,3,83,489.68,407.74,81.93,16.72,13.56,3.16,81,14
2025-07-21 08:46:02,3,83,489.68,407.74,81.93,16.72,13.56,3.16,81,26
2025-07-21 08:46:03,3,83,489.68,407.74,81.93,16.72,13.58,3.14,81,38
2025-07-21 08:46:04,3,83,489.68,407.74,81.93,16.72,13.59,3.13,81,28
2025-07-21 08:46:05,3,83,489.68,407.74,81.93,16.72,13.59,3.13,81,19
2025-07-21 08:46:06,3,83,489.68,407.74,81.93,16.72,13.6,3.12,81,14
2025-07-21 08:46:07,3,83,489.68,407.74,81.93,16.72,13.6,3.12,81,14
2025-07-21 08:46:08,3,83,489.68,407.74,81.93,16.72,13.61,3.1,81,11
2025-07-21 08:46:09,3,83,489.68,407.74,81.93,16.72,13.54,3.18,81,34
2025-07-21 08:46:10,3,83,489.68,407.74,81.93,16.72,13.55,3.16,81,35
2025-07-21 08:46:11,3,83,489.68,407.74,81.93,16.72,13.52,3.2,81,34
2025-07-21 08:46:12,3,83,489.68,407.74,81.93,16.72,13.55,3.17,81,60
2025-07-21 08:46:13,3,83,489.68,407.74,81.93,16.72,13.59,3.13,81,41
2025-07-21 08:46:16,3,83,489.68,407.75,81.93,16.72,13.55,3.17,81,33
2025-07-21 08:46:17,3,83,489.68,407.75,81.93,16.72,13.52,3.2,81,47
2025-07-21 08:46:17,3,83,489.68,407.75,81.93,16.72,13.54,3.18,81,35
2025-07-21 08:46:18,3,83,489.68,407.75,81.93,16.72,13.54,3.18,81,45
2025-07-21 08:46:18,3,83,489.68,407.75,81.93,16.72,13.56,3.15,81,45
2025-07-21 08:46:19,3,83,489.68,407.75,81.93,16.72,13.56,3.16,81,35
2025-07-21 08:46:20,3,83,489.68,407.75,81.93,16.72,13.53,3.19,81,47
2025-07-21 08:46:21,3,83,489.68,407.75,81.93,16.72,13.55,3.17,81,44
2025-07-21 08:46:24,6,83,489.68,407.75,81.93,16.72,13.61,3.11,81,33
2025-07-21 08:46:25,6,83,489.68,407.75,81.93,16.72,13.59,3.13,81,28
2025-07-21 08:46:25,6,83,489.68,407.75,81.93,16.72,13.59,3.13,81,35
2025-07-21 08:46:26,6,83,489.68,407.75,81.93,16.72,13.61,3.11,81,27
2025-07-21 08:46:26,6,83,489.68,407.75,81.93,16.72,13.6,3.12,81,24
2025-07-21 08:46:27,6,83,489.68,407.75,81.93,16.72,13.63,3.09,82,17
2025-07-21 08:46:28,6,83,489.68,407.75,81.93,16.72,13.58,3.14,81,29
2025-07-21 08:46:32,6,83,489.68,407.75,81.93,16.72,13.53,3.18,81,29
2025-07-21 08:47:32,2,83,489.68,407.75,81.93,16.72,13.6,3.12,81,13
2025-07-21 08:48:18,2,83,489.68,407.75,81.92,16.72,13.61,3.11,81,52
2025-07-21 08:48:18,2,83,489.68,407.75,81.92,16.72,13.6,3.12,81,50
2025-07-21 08:48:19,2,83,489.68,407.75,81.92,16.72,13.58,3.14,81,47
2025-07-21 08:48:19,2,83,489.68,407.75,81.92,16.72,13.6,3.12,81,58
2025-07-21 08:48:20,2,83,489.68,407.75,81.92,16.72,13.63,3.09,82,46
2025-07-21 08:48:20,2,83,489.68,407.75,81.92,16.72,13.65,3.07,82,41
2025-07-21 08:48:21,2,83,489.68,407.75,81.92,16.72,13.66,3.06,82,38
2025-07-21 08:48:21,2,83,489.68,407.75,81.92,16.72,13.65,3.07,82,46
2025-07-21 08:48:22,2,83,489.68,407.75,81.92,16.72,13.67,3.05,82,40
2025-07-21 08:48:22,2,83,489.68,407.75,81.92,16.72,13.64,3.08,82,61
2025-07-21 08:48:23,2,83,489.68,407.75,81.92,16.72,13.66,3.06,82,38
2025-07-21 08:48:23,2,83,489.68,407.75,81.92,16.72,13.64,3.08,82,49
2025-07-21 08:48:24,2,83,489.68,407.75,81.92,16.72,13.69,3.03,82,34
2025-07-21 08:48:24,2,83,489.68,407.75,81.92,16.72,13.68,3.04,82,38
2025-07-21 08:48:25,2,83,489.68,407.75,81.92,16.72,13.68,3.03,82,39
2025-07-21 08:48:25,2,83,489.68,407.75,81.92,16.72,13.98,2.74,84,37
2025-07-21 08:48:26,2,83,489.68,407.75,81.92,16.72,13.97,2.75,84,31
2025-07-21 08:48:26,2,83,489.68,407.75,81.92,16.72,14.03,2.69,84,36
2025-07-21 08:48:27,2,83,489.68,407.75,81.92,16.72,14.06,2.65,84,32
2025-07-21 08:48:27,2,83,489.68,407.75,81.92,16.72,14.06,2.66,84,40
2025-07-21 08:48:28,2,83,489.68,407.75,81.92,16.72,14.06,2.66,84,34
2025-07-21 08:48:28,2,83,489.68,407.75,81.92,16.72,14.06,2.66,84,30
2025-07-21 08:48:29,2,83,489.68,407.75,81.92,16.72,14.07,2.65,84,35
2025-07-21 08:48:30,2,83,489.68,407.75,81.92,16.72,14.06,2.66,84,39
2025-07-21 08:48:30,2,83,489.68,407.75,81.92,16.72,13.9,2.82,83,48
2025-07-21 08:48:31,2,83,489.68,407.75,81.92,16.72,13.93,2.79,83,60
2025-07-21 08:48:31,2,83,489.68,407.75,81.92,16.72,13.97,2.75,84,43
2025-07-21 08:48:32,2,83,489.68,407.75,81.92,16.72,13.93,2.78,83,47
2025-07-21 08:48:32,2,83,489.68,407.75,81.92,16.72,13.9,2.82,83,34
2025-07-21 08:48:33,2,83,489.68,407.75,81.92,16.72,13.89,2.83,83,32
2025-07-21 08:48:33,2,83,489.68,407.75,81.92,16.72,13.72,3.0,82,20
2025-07-21 08:48:34,2,83,489.68,407.75,81.92,16.72,13.72,3.0,82,24
2025-07-21 08:48:34,2,83,489.68,407.75,81.92,16.72,13.73,2.99,82,24
2025-07-21 08:48:35,2,83,489.68,407.75,81.92,16.72,13.72,3.0,82,35
2025-07-21 08:48:36,2,83,489.68,407.75,81.92,16.72,13.71,3.01,82,17
2025-07-21 08:48:37,2,83,489.68,407.75,81.92,16.72,13.73,2.99,82,8
2025-07-21 08:48:38,2,83,489.68,407.75,81.92,16.72,13.71,3.01,82,8
2025-07-21 08:48:39,2,83,489.68,407.75,81.92,16.72,13.72,3.0,82,8
2025-07-21 08:48:40,2,83,489.68,407.75,81.92,16.72,13.71,3.01,82,22
2025-07-21 08:48:41,2,83,489.68,407.75,81.92,16.72,13.69,3.03,82,14
2025-07-21 08:48:42,2,83,489.68,407.75,81.92,16.72,13.68,3.04,82,14
2025-07-21 08:48:43,2,83,489.68,407.75,81.92,16.72,13.65,3.07,82,18
2025-07-21 08:48:44,2,83,489.68,407.75,81.92,16.72,13.64,3.08,82,15
2025-07-21 08:48:45,2,83,489.68,407.75,81.92,16.72,13.64,3.08,82,34
2025-07-21 08:48:46,2,83,489.68,407.75,81.92,16.72,13.65,3.06,82,21
2025-07-21 08:48:47,2,83,489.68,407.75,81.92,16.72,13.56,3.16,81,19
2025-07-21 08:48:48,2,83,489.68,407.75,81.92,16.72,13.54,3.18,81,14
2025-07-21 08:48:49,2,83,489.68,407.75,81.92,16.72,13.55,3.17,81,22
2025-07-21 08:48:50,2,83,489.68,407.75,81.92,16.72,13.57,3.14,81,24
2025-07-21 08:48:51,2,83,489.68,407.75,81.92,16.72,13.56,3.16,81,23
2025-07-21 08:48:52,2,83,489.68,407.75,81.92,16.72,13.55,3.17,81,15
2025-07-21 08:48:53,2,83,489.68,407.75,81.92,16.72,13.55,3.17,81,26
2025-07-21 08:48:54,2,83,489.68,407.75,81.92,16.72,13.57,3.15,81,15
2025-07-21 08:48:55,2,83,489.68,407.75,81.92,16.72,13.49,3.23,81,20
2025-07-21 08:48:56,2,83,489.68,407.75,81.92,16.72,13.49,3.23,81,15
2025-07-21 08:48:57,2,83,489.68,407.75,81.92,16.72,13.49,3.23,81,12
2025-07-21 08:48:58,2,83,489.68,407.75,81.92,16.72,13.59,3.13,81,27
2025-07-21 08:48:59,2,83,489.68,407.75,81.92,16.72,13.65,3.07,82,23
2025-07-21 08:48:59,2,83,489.68,407.75,81.92,16.72,13.68,3.04,82,18
2025-07-21 08:49:00,2,83,489.68,407.75,81.92,16.72,13.67,3.05,82,13
2025-07-21 08:49:00,2,83,489.68,407.75,81.92,16.72,13.67,3.05,82,19
2025-07-21 08:49:01,2,83,489.68,407.75,81.92,16.72,13.67,3.05,82,16
2025-07-21 08:49:01,2,83,489.68,407.75,81.92,16.72,13.67,3.04,82,21
2025-07-21 08:49:02,2,83,489.68,407.75,81.92,16.72,13.68,3.04,82,17
2025-07-21 08:49:02,2,83,489.68,407.75,81.92,16.72,13.68,3.04,82,16
2025-07-21 08:49:03,2,83,489.68,407.75,81.92,16.72,13.68,3.04,82,20
2025-07-21 08:49:03,2,83,489.68,407.75,81.92,16.72,13.67,3.04,82,36
2025-07-21 08:49:04,2,83,489.68,407.75,81.92,16.72,13.69,3.03,82,17
2025-07-21 08:49:05,2,83,489.68,407.75,81.92,16.72,13.69,3.03,82,17
2025-07-21 08:49:06,2,83,489.68,407.75,81.92,16.72,13.66,3.05,82,13
2025-07-21 08:49:07,2,83,489.68,407.75,81.92,16.72,13.66,3.06,82,6
2025-07-21 08:49:08,2,83,489.68,407.75,81.92,16.72,13.65,3.07,82,15
2025-07-21 08:49:09,2,83,489.68,407.75,81.92,16.72,13.65,3.07,82,16
2025-07-21 08:49:10,2,83,489.68,407.75,81.92,16.72,13.62,3.1,82,20
2025-07-21 08:49:11,2,83,489.68,407.75,81.92,16.72,13.57,3.14,81,19
2025-07-21 08:49:11,2,83,489.68,407.75,81.92,16.72,13.61,3.11,81,28
2025-07-21 08:49:12,2,83,489.68,407.75,81.92,16.72,13.67,3.05,82,19
2025-07-21 08:49:12,2,83,489.68,407.75,81.92,16.72,13.66,3.06,82,30
2025-07-21 08:49:13,2,83,489.68,407.75,81.92,16.72,13.65,3.07,82,18
2025-07-21 08:49:13,2,83,489.68,407.75,81.92,16.72,13.56,3.16,81,30
2025-07-21 08:49:14,2,83,489.68,407.75,81.92,16.72,13.57,3.15,81,26
2025-07-21 08:49:14,2,83,489.68,407.75,81.92,16.72,13.57,3.15,81,33
2025-07-21 08:49:16,2,83,489.68,407.75,81.92,16.72,13.63,3.09,82,42
2025-07-21 08:49:16,2,83,489.68,407.75,81.92,16.72,13.64,3.08,82,55
2025-07-21 08:49:17,2,83,489.68,407.75,81.92,16.72,13.65,3.07,82,47
2025-07-21 08:49:17,2,83,489.68,407.75,81.92,16.72,13.7,3.02,82,41
2025-07-21 08:49:18,2,83,489.68,407.75,81.92,16.72,13.7,3.02,82,45
2025-07-21 08:49:18,2,83,489.68,407.75,81.92,16.72,13.72,3.0,82,45
2025-07-21 08:49:19,2,83,489.68,407.75,81.92,16.72,13.7,3.02,82,42
2025-07-21 08:49:19,2,83,489.68,407.75,81.92,16.72,13.68,3.04,82,44
2025-07-21 08:49:20,2,83,489.68,407.75,81.92,16.72,13.7,3.02,82,50
2025-07-21 08:49:21,2,83,489.68,407.75,81.92,16.72,13.7,3.02,82,40
2025-07-21 08:49:22,2,83,489.68,407.75,81.92,16.72,13.7,3.02,82,41
2025-07-21 08:49:22,2,83,489.68,407.75,81.92,16.72,13.63,3.09,82,52
2025-07-21 08:49:23,2,83,489.68,407.75,81.92,16.72,13.63,3.09,82,54
2025-07-21 08:49:23,2,83,489.68,407.75,81.92,16.72,13.77,2.95,82,52
2025-07-21 08:49:24,2,83,489.68,407.75,81.92,16.72,13.77,2.95,82,54
2025-07-21 08:49:24,2,83,489.68,407.75,81.92,16.72,13.77,2.94,82,41
2025-07-21 08:49:27,3,83,489.68,407.75,81.92,16.72,13.76,2.96,82,30
2025-07-21 08:49:28,3,83,489.68,407.75,81.92,16.72,13.75,2.97,82,37
2025-07-21 08:49:28,3,83,489.68,407.75,81.92,16.72,13.75,2.97,82,37
2025-07-21 08:49:29,3,83,489.68,407.75,81.92,16.72,13.73,2.99,82,33
2025-07-21 08:49:29,3,83,489.68,407.75,81.92,16.72,13.73,2.99,82,32
2025-07-21 08:49:30,3,83,489.68,407.75,81.92,16.72,13.73,2.98,82,38
2025-07-21 08:49:30,3,83,489.68,407.75,81.92,16.72,13.72,3.0,82,42
2025-07-21 08:49:31,3,83,489.68,407.75,81.92,16.72,13.7,3.02,82,43
2025-07-21 08:49:31,3,83,489.68,407.75,81.92,16.72,13.7,3.02,82,45
2025-07-21 08:49:32,3,83,489.68,407.75,81.92,16.72,13.79,2.93,82,45
2025-07-21 08:49:32,3,83,489.68,407.75,81.92,16.72,13.79,2.93,82,47
2025-07-21 08:49:33,3,83,489.68,407.75,81.92,16.72,13.78,2.94,82,48
2025-07-21 08:49:33,3,83,489.68,407.75,81.92,16.72,13.87,2.85,83,54
2025-07-21 08:49:34,3,83,489.68,407.75,81.92,16.72,13.94,2.78,83,33
2025-07-21 08:49:34,3,83,489.68,407.75,81.92,16.72,13.89,2.83,83,20
2025-07-21 08:49:35,3,83,489.68,407.75,81.92,16.72,13.9,2.82,83,26
2025-07-21 08:49:35,3,83,489.68,407.75,81.92,16.72,13.98,2.74,84,36
2025-07-21 08:49:36,3,83,489.68,407.75,81.92,16.72,14.05,2.66,84,32
2025-07-21 08:49:36,3,83,489.68,407.75,81.92,16.72,14.07,2.65,84,25
2025-07-21 08:49:37,3,83,489.68,407.75,81.92,16.72,14.09,2.63,84,8
2025-07-21 08:49:39,3,83,489.68,407.75,81.92,16.72,14.09,2.63,84,24
2025-07-21 08:49:40,3,83,489.68,407.75,81.92,16.72,14.14,2.58,85,26
2025-07-21 08:49:41,3,83,489.68,407.75,81.92,16.72,14.16,2.56,85,23
2025-07-21 08:49:41,3,83,489.68,407.75,81.92,16.72,14.17,2.55,85,17
2025-07-21 08:49:42,3,83,489.68,407.75,81.92,16.72,14.13,2.59,84,20
2025-07-21 08:49:42,3,83,489.68,407.75,81.92,16.72,14.12,2.6,84,24
2025-07-21 08:49:43,3,83,489.68,407.75,81.92,16.72,14.09,2.63,84,47
2025-07-21 08:49:43,3,83,489.68,407.75,81.92,16.72,14.1,2.62,84,43
2025-07-21 08:49:43,3,83,489.68,407.75,81.92,16.72,14.13,2.59,84,34
2025-07-21 08:49:44,3,83,489.68,407.75,81.92,16.72,14.13,2.59,84,28
2025-07-21 08:49:44,3,83,489.68,407.75,81.92,16.72,14.03,2.69,84,26
2025-07-21 08:49:45,3,83,489.68,407.75,81.92,16.72,13.99,2.73,84,25
2025-07-21 08:49:45,3,83,489.68,407.75,81.92,16.72,13.98,2.74,84,24
2025-07-21 08:49:46,3,83,489.68,407.75,81.92,16.72,13.97,2.75,84,18
2025-07-21 08:49:46,3,83,489.68,407.75,81.92,16.72,13.97,2.75,84,20
2025-07-21 08:49:47,3,83,489.68,407.75,81.92,16.72,13.99,2.73,84,37
2025-07-21 08:49:47,3,83,489.68,407.75,81.92,16.72,13.94,2.78,83,19
2025-07-21 08:49:48,3,83,489.68,407.75,81.92,16.72,13.92,2.79,83,21
2025-07-21 08:49:48,3,83,489.68,407.75,81.92,16.72,13.95,2.77,83,33
2025-07-21 08:49:49,3,83,489.68,407.75,81.92,16.72,13.95,2.77,83,26
2025-07-21 08:49:49,3,83,489.68,407.75,81.92,16.72,13.98,2.74,84,21
2025-07-21 08:49:50,3,83,489.68,407.75,81.92,16.72,13.98,2.74,84,20
2025-07-21 08:49:50,3,83,489.68,407.75,81.92,16.72,13.97,2.74,84,26
2025-07-21 08:49:51,3,83,489.68,407.75,81.92,16.72,13.97,2.75,84,23
2025-07-21 08:49:51,3,83,489.68,407.75,81.92,16.72,13.96,2.75,84,21
2025-07-21 08:49:52,3,83,489.68,407.75,81.92,16.72,13.94,2.77,83,18
2025-07-21 08:49:53,3,83,489.68,407.75,81.92,16.72,13.92,2.8,83,24
2025-07-21 08:49:53,3,83,489.68,407.75,81.92,16.72,13.93,2.79,83,16
2025-07-21 08:49:54,3,83,489.68,407.75,81.92,16.72,13.94,2.78,83,21
2025-07-21 08:49:54,3,83,489.68,407.75,81.92,16.72,13.93,2.78,83,27
2025-07-21 08:49:55,3,83,489.68,407.75,81.92,16.72,13.92,2.8,83,26
2025-07-21 08:49:55,3,83,489.68,407.75,81.92,16.72,13.93,2.79,83,24
2025-07-21 08:49:56,3,83,489.68,407.75,81.92,16.72,13.93,2.79,83,32
2025-07-21 08:49:56,3,83,489.68,407.75,81.92,16.72,13.92,2.8,83,22
2025-07-21 08:49:57,3,83,489.68,407.75,81.92,16.72,13.92,2.8,83,29
2025-07-21 08:49:57,3,83,489.68,407.75,81.92,16.72,13.91,2.8,83,21
2025-07-21 08:49:58,3,83,489.68,407.75,81.92,16.72,13.93,2.79,83,26
2025-07-21 08:49:58,3,83,489.68,407.75,81.92,16.72,13.9,2.82,83,24
2025-07-21 08:49:59,3,83,489.68,407.75,81.92,16.72,13.9,2.82,83,26
2025-07-21 08:50:00,3,83,489.68,407.75,81.92,16.72,13.9,2.82,83,21
2025-07-21 08:50:01,3,83,489.68,407.75,81.92,16.72,13.86,2.86,83,21
2025-07-21 08:50:02,3,83,489.68,407.75,81.92,16.72,13.75,2.97,82,15
2025-07-21 08:50:03,3,83,489.68,407.75,81.92,16.72,13.83,2.89,83,21
2025-07-21 08:50:03,3,83,489.68,407.75,81.92,16.72,13.67,3.05,82,29
2025-07-21 08:50:04,3,83,489.68,407.75,81.92,16.72,13.66,3.06,82,22
2025-07-21 08:50:04,3,83,489.68,407.75,81.92,16.72,13.69,3.03,82,21
2025-07-21 08:50:04,3,83,489.68,407.75,81.92,16.72,13.69,3.03,82,24
2025-07-21 08:50:05,3,83,489.68,407.75,81.92,16.72,13.7,3.02,82,36
2025-07-21 08:50:06,3,83,489.68,407.75,81.92,16.72,13.68,3.03,82,26
2025-07-21 08:50:06,3,83,489.68,407.75,81.92,16.72,13.69,3.03,82,17
2025-07-21 08:50:07,3,83,489.68,407.75,81.92,16.72,13.66,3.06,82,12
2025-07-21 08:50:07,3,83,489.68,407.75,81.92,16.72,13.67,3.05,82,16
2025-07-21 08:50:08,3,83,489.68,407.75,81.92,16.72,13.66,3.06,82,16
2025-07-21 08:50:08,3,83,489.68,407.75,81.92,16.72,13.65,3.07,82,22
2025-07-21 08:50:09,3,83,489.68,407.75,81.92,16.72,13.71,3.01,82,22
2025-07-21 08:50:09,3,83,489.68,407.75,81.92,16.72,13.7,3.01,82,12
2025-07-21 08:50:10,3,83,489.68,407.75,81.92,16.72,13.71,3.01,82,18
2025-07-21 08:50:10,3,83,489.68,407.75,81.92,16.72,13.7,3.02,82,22
2025-07-21 08:50:11,3,83,489.68,407.75,81.92,16.72,13.71,3.01,82,33
2025-07-21 08:50:11,3,83,489.68,407.75,81.92,16.72,13.68,3.04,82,34
2025-07-21 08:50:12,3,83,489.68,407.75,81.92,16.72,13.7,3.02,82,18
2025-07-21 08:50:12,3,83,489.68,407.75,81.92,16.72,13.69,3.03,82,27
2025-07-21 08:50:13,3,83,489.68,407.75,81.92,16.72,13.71,3.0,82,30
2025-07-21 08:50:13,3,83,489.68,407.75,81.92,16.72,13.68,3.04,82,28
2025-07-21 08:50:14,3,83,489.68,407.75,81.92,16.72,13.63,3.09,82,30
2025-07-21 08:50:14,3,83,489.68,407.75,81.92,16.72,13.6,3.12,81,34
2025-07-21 08:50:15,3,83,489.68,407.75,81.92,16.72,13.61,3.11,81,34
2025-07-21 08:50:16,3,83,489.68,407.75,81.92,16.72,13.63,3.09,82,18
2025-07-21 08:50:16,3,83,489.68,407.75,81.92,16.72,13.63,3.09,82,38
2025-07-21 08:50:16,3,83,489.68,407.75,81.92,16.72,13.62,3.09,82,31
2025-07-21 08:50:16,3,83,489.68,407.75,81.92,16.72,13.68,3.03,82,20
2025-07-21 08:50:17,3,83,489.68,407.75,81.92,16.72,13.67,3.05,82,28
2025-07-21 08:50:17,3,83,489.68,407.75,81.92,16.72,13.71,3.01,82,48
2025-07-21 08:50:18,3,83,489.68,407.75,81.92,16.72,13.73,2.99,82,44
2025-07-21 08:50:19,3,83,489.68,407.75,81.92,16.72,13.72,3.0,82,31
2025-07-21 08:50:20,3,83,489.68,407.75,81.92,16.72,13.7,3.02,82,66
2025-07-21 08:50:21,3,83,489.68,407.75,81.92,16.72,13.69,3.03,82,46
2025-07-21 08:50:21,3,83,489.68,407.75,81.92,16.72,13.68,3.04,82,47
2025-07-21 08:50:22,3,83,489.68,407.75,81.92,16.72,13.68,3.04,82,44
2025-07-21 08:50:22,3,83,489.68,407.75,81.92,16.72,13.67,3.05,82,39
2025-07-21 08:50:23,3,83,489.68,407.75,81.92,16.72,13.67,3.05,82,37
2025-07-21 08:50:23,3,83,489.68,407.75,81.92,16.72,13.66,3.05,82,50
2025-07-21 08:50:25,3,83,489.68,407.75,81.92,16.72,13.58,3.14,81,40
2025-07-21 08:50:26,3,83,489.68,407.75,81.92,16.72,13.57,3.15,81,47
2025-07-21 08:50:26,3,83,489.68,407.75,81.92,16.72,13.57,3.15,81,50
2025-07-21 08:50:27,3,83,489.68,407.75,81.92,16.72,13.59,3.13,81,40
2025-07-21 08:50:27,3,83,489.68,407.75,81.92,16.72,13.57,3.15,81,31
2025-07-21 08:50:28,3,83,489.68,407.75,81.92,16.72,13.46,3.26,80,32
2025-07-21 08:50:28,3,83,489.68,407.75,81.92,16.72,13.46,3.26,80,36
2025-07-21 08:50:29,3,83,489.68,407.75,81.92,16.72,13.46,3.26,80,44
2025-07-21 08:50:29,3,83,489.68,407.75,81.92,16.72,13.57,3.15,81,45
2025-07-21 08:50:30,3,83,489.68,407.75,81.92,16.72,13.58,3.14,81,70
2025-07-21 08:50:30,3,83,489.68,407.75,81.92,16.72,13.63,3.09,82,53
2025-07-21 08:50:30,3,83,489.68,407.76,81.92,16.72,13.63,3.09,82,38
2025-07-21 08:50:33,3,83,489.68,407.76,81.92,16.72,13.61,3.1,81,31
2025-07-21 08:50:34,3,83,489.68,407.76,81.92,16.72,13.59,3.13,81,34
2025-07-21 08:50:34,3,83,489.68,407.76,81.92,16.72,13.6,3.12,81,37
2025-07-21 08:50:40,3,83,489.68,407.76,81.92,16.72,13.63,3.09,82,34
2025-07-21 08:50:41,3,83,489.68,407.76,81.92,16.72,13.63,3.09,82,20
2025-07-21 08:50:41,3,83,489.68,407.76,81.92,16.72,13.61,3.1,81,22
2025-07-21 08:50:42,3,83,489.68,407.76,81.92,16.72,13.6,3.12,81,23
2025-07-21 08:50:42,3,83,489.68,407.76,81.92,16.72,13.6,3.12,81,18
2025-07-21 08:50:43,3,83,489.68,407.76,81.92,16.72,13.6,3.12,81,20
2025-07-21 08:50:43,3,83,489.68,407.76,81.92,16.72,13.6,3.12,81,24
2025-07-21 08:50:44,3,83,489.68,407.76,81.92,16.72,13.66,3.06,82,18
2025-07-21 08:50:45,3,83,489.68,407.76,81.92,16.72,13.64,3.08,82,29
2025-07-21 08:50:45,3,83,489.68,407.76,81.92,16.72,13.64,3.08,82,28
2025-07-21 08:50:46,3,83,489.68,407.76,81.92,16.72,13.64,3.08,82,18
2025-07-21 08:50:47,3,83,489.68,407.76,81.92,16.72,13.58,3.13,81,15
2025-07-21 08:50:48,3,83,489.68,407.76,81.92,16.72,13.6,3.12,81,28
2025-07-21 08:50:51,3,83,489.68,407.76,81.92,16.72,13.57,3.15,81,15
2025-07-21 08:50:51,3,83,489.68,407.76,81.92,16.72,13.55,3.17,81,14
2025-07-21 08:50:52,3,83,489.68,407.76,81.92,16.72,13.54,3.18,81,19
2025-07-21 08:50:52,3,83,489.68,407.76,81.92,16.72,13.54,3.18,81,20
2025-07-21 08:50:53,3,83,489.68,407.76,81.92,16.72,13.55,3.17,81,14
2025-07-21 08:50:54,3,83,489.68,407.76,81.92,16.72,13.51,3.21,81,17
2025-07-21 08:50:55,3,83,489.68,407.76,81.92,16.72,13.52,3.19,81,19
2025-07-21 08:50:56,3,83,489.68,407.76,81.92,16.72,13.52,3.2,81,23
2025-07-21 08:50:57,3,83,489.68,407.76,81.92,16.72,13.45,3.27,80,16
2025-07-21 08:50:58,3,83,489.68,407.76,81.92,16.72,13.45,3.27,80,18
2025-07-21 08:50:59,3,83,489.68,407.76,81.92,16.72,13.48,3.24,81,24
2025-07-21 08:51:00,3,83,489.68,407.76,81.92,16.72,13.49,3.23,81,21
2025-07-21 08:51:01,3,83,489.68,407.76,81.92,16.72,13.51,3.21,81,20
2025-07-21 08:51:01,3,83,489.68,407.76,81.92,16.72,13.48,3.24,81,20
2025-07-21 08:51:02,3,83,489.68,407.76,81.92,16.72,13.48,3.24,81,22
2025-07-21 08:51:02,3,83,489.68,407.76,81.92,16.72,13.48,3.24,81,37
2025-07-21 08:51:03,3,83,489.68,407.76,81.92,16.72,13.53,3.18,81,26
2025-07-21 08:51:03,3,83,489.68,407.76,81.92,16.72,13.53,3.19,81,24
2025-07-21 08:51:04,3,83,489.68,407.76,81.92,16.72,13.55,3.17,81,22
2025-07-21 08:51:05,3,83,489.68,407.76,81.92,16.72,13.53,3.18,81,17
2025-07-21 08:51:06,3,83,489.68,407.76,81.92,16.72,13.55,3.17,81,17
2025-07-21 08:51:07,3,83,489.68,407.76,81.92,16.72,13.53,3.19,81,17
2025-07-21 08:51:08,3,83,489.68,407.76,81.92,16.72,13.54,3.18,81,12
2025-07-21 08:51:09,3,83,489.68,407.76,81.92,16.72,13.54,3.17,81,9
2025-07-21 08:51:10,3,83,489.68,407.76,81.92,16.72,13.5,3.22,81,16
2025-07-21 08:51:11,3,83,489.68,407.76,81.92,16.72,13.47,3.25,81,23
2025-07-21 08:51:12,3,83,489.68,407.76,81.92,16.72,13.46,3.25,80,19
2025-07-21 08:51:13,3,83,489.68,407.76,81.92,16.72,13.44,3.28,80,19
2025-07-21 08:51:14,3,83,489.68,407.76,81.92,16.72,13.46,3.26,80,19
2025-07-21 08:51:17,3,83,489.68,407.76,81.92,16.72,13.45,3.26,80,19
2025-07-21 08:51:17,3,83,489.68,407.76,81.92,16.72,13.45,3.27,80,25
2025-07-21 08:51:18,3,83,489.68,407.76,81.92,16.72,13.46,3.26,80,35
2025-07-21 08:51:18,3,83,489.68,407.76,81.92,16.72,13.47,3.25,81,22
2025-07-21 08:51:19,3,83,489.68,407.76,81.92,16.72,13.48,3.24,81,20
2025-07-21 08:51:20,3,83,489.68,407.76,81.92,16.72,13.48,3.24,81,38
2025-07-21 08:51:21,3,83,489.68,407.76,81.92,16.72,13.47,3.25,81,47
2025-07-21 08:51:22,3,83,489.68,407.76,81.92,16.72,13.47,3.25,81,45
2025-07-21 08:51:23,3,83,489.68,407.76,81.92,16.72,13.48,3.24,81,55
2025-07-21 08:51:24,3,83,489.68,407.76,81.92,16.72,13.48,3.24,81,41
2025-07-21 08:51:25,3,83,489.68,407.76,81.92,16.72,13.47,3.24,81,41
2025-07-21 08:51:26,3,83,489.68,407.76,81.92,16.72,13.47,3.25,80,45
2025-07-21 08:51:27,3,83,489.68,407.76,81.92,16.72,13.46,3.26,80,34
2025-07-21 08:51:28,3,83,489.68,407.76,81.92,16.72,13.47,3.25,80,48
2025-07-21 08:51:29,3,83,489.68,407.76,81.92,16.72,13.45,3.26,80,39
2025-07-21 08:51:30,3,83,489.68,407.76,81.92,16.72,13.47,3.25,81,34
2025-07-21 08:51:31,3,83,489.68,407.76,81.92,16.72,13.36,3.36,80,36
2025-07-21 08:51:32,3,83,489.68,407.76,81.92,16.72,13.34,3.38,80,27
2025-07-21 08:51:33,3,83,489.68,407.76,81.92,16.72,13.34,3.38,80,43
2025-07-21 08:51:34,3,83,489.68,407.76,81.92,16.72,13.41,3.31,80,33
2025-07-21 08:51:35,3,83,489.68,407.76,81.92,16.72,13.4,3.31,80,35
2025-07-21 08:51:36,3,83,489.68,407.76,81.92,16.72,13.4,3.32,80,37
2025-07-21 08:51:37,3,83,489.68,407.76,81.92,16.72,13.42,3.3,80,21
2025-07-21 08:51:38,3,83,489.68,407.76,81.92,16.72,13.41,3.31,80,10
2025-07-21 08:51:39,3,83,489.68,407.76,81.92,16.72,13.41,3.3,80,8
2025-07-21 08:51:40,3,83,489.68,407.76,81.92,16.72,13.41,3.31,80,22
2025-07-21 08:51:41,3,83,489.68,407.76,81.92,16.72,13.41,3.31,80,16
2025-07-21 08:51:42,3,83,489.68,407.76,81.92,16.72,13.41,3.31,80,18
2025-07-21 08:51:43,3,83,489.68,407.76,81.92,16.72,13.43,3.29,80,23
2025-07-21 08:51:44,3,83,489.68,407.76,81.92,16.72,13.41,3.31,80,19
2025-07-21 08:51:45,3,83,489.68,407.76,81.92,16.72,13.4,3.31,80,18
2025-07-21 08:51:46,3,83,489.68,407.76,81.92,16.72,13.41,3.31,80,20
2025-07-21 08:51:47,3,83,489.68,407.76,81.92,16.72,13.39,3.33,80,21
2025-07-21 08:51:48,3,83,489.68,407.76,81.92,16.72,13.4,3.32,80,24
2025-07-21 08:51:49,3,83,489.68,407.76,81.92,16.72,13.39,3.33,80,18
2025-07-21 08:51:50,3,83,489.68,407.76,81.92,16.72,13.42,3.3,80,17
2025-07-21 08:51:51,3,83,489.68,407.76,81.92,16.72,13.41,3.31,80,19
2025-07-21 08:51:52,3,83,489.68,407.76,81.92,16.72,13.39,3.33,80,19
2025-07-21 08:51:53,3,83,489.68,407.76,81.92,16.72,13.38,3.33,80,15
2025-07-21 08:51:54,3,83,489.68,407.76,81.92,16.72,13.49,3.23,81,31
2025-07-21 08:51:55,3,83,489.68,407.76,81.92,16.72,13.49,3.23,81,19
2025-07-21 08:51:56,3,83,489.68,407.76,81.92,16.72,13.48,3.23,81,12
2025-07-21 08:51:57,3,83,489.68,407.76,81.92,16.72,13.49,3.23,81,14
2025-07-21 08:51:58,3,83,489.68,407.76,81.92,16.72,13.48,3.24,81,16
2025-07-21 08:51:59,3,83,489.68,407.76,81.92,16.72,13.47,3.24,81,33
2025-07-21 08:51:59,3,83,489.68,407.76,81.92,16.72,13.56,3.15,81,18
2025-07-21 08:52:00,3,83,489.68,407.76,81.92,16.72,13.56,3.16,81,22
2025-07-21 08:52:00,3,83,489.68,407.76,81.92,16.72,13.57,3.15,81,16
2025-07-21 08:52:01,3,83,489.68,407.76,81.92,16.72,13.56,3.16,81,24
2025-07-21 08:52:01,3,83,489.68,407.76,81.92,16.72,13.56,3.16,81,20
2025-07-21 08:52:02,3,83,489.68,407.76,81.92,16.72,13.57,3.15,81,25
2025-07-21 08:52:03,3,83,489.68,407.76,81.92,16.72,13.75,2.97,82,25
2025-07-21 08:52:03,3,83,489.68,407.76,81.92,16.72,13.73,2.99,82,32
2025-07-21 08:52:04,3,83,489.68,407.76,81.92,16.72,13.73,2.99,82,34
2025-07-21 08:52:05,3,83,489.68,407.76,81.92,16.72,13.79,2.93,82,19
2025-07-21 08:52:06,3,83,489.68,407.75,81.92,16.72,13.76,2.96,82,20
2025-07-21 08:52:07,3,83,489.68,407.75,81.92,16.72,13.77,2.95,82,15
2025-07-21 08:52:08,3,83,489.68,407.75,81.92,16.72,13.75,2.97,82,11
2025-07-21 08:52:11,3,83,489.68,407.75,81.92,16.72,13.78,2.94,82,17
2025-07-21 08:52:11,3,83,489.68,407.75,81.92,16.72,13.75,2.97,82,28
2025-07-21 08:52:12,3,83,489.68,407.75,81.92,16.72,13.75,2.96,82,36
2025-07-21 08:52:12,3,83,489.68,407.75,81.92,16.72,13.79,2.93,82,27
2025-07-21 08:52:13,3,83,489.68,407.75,81.92,16.72,13.82,2.9,83,48
2025-07-21 08:52:14,3,83,489.68,407.75,81.92,16.72,13.99,2.73,84,20
2025-07-21 08:52:15,3,83,489.68,407.75,81.92,16.72,13.98,2.74,84,13
2025-07-21 08:52:16,3,83,489.68,407.75,81.92,16.72,13.95,2.77,83,24
2025-07-21 08:52:17,3,83,489.68,407.75,81.92,16.72,13.93,2.78,83,16
2025-07-21 08:52:18,3,83,489.68,407.75,81.92,16.72,13.96,2.76,84,31
2025-07-21 08:52:19,3,83,489.68,407.75,81.92,16.72,13.98,2.74,84,23
2025-07-21 08:52:20,3,83,489.68,407.75,81.92,16.72,13.92,2.8,83,23
2025-07-21 08:52:21,3,83,489.68,407.75,81.92,16.72,13.98,2.74,84,21
2025-07-21 08:52:22,3,83,489.68,407.76,81.92,16.72,14.02,2.7,84,35
2025-07-21 08:52:23,3,83,489.68,407.77,81.91,16.72,14.09,2.62,84,46
2025-07-21 08:52:24,3,83,489.68,407.76,81.92,16.72,14.11,2.61,84,44
2025-07-21 08:52:25,3,83,489.68,407.76,81.92,16.72,14.13,2.59,84,42
2025-07-21 08:52:26,3,83,489.68,407.76,81.92,16.72,14.17,2.55,85,50
2025-07-21 08:52:27,3,83,489.68,407.76,81.92,16.72,14.22,2.5,85,67
2025-07-21 08:52:28,3,83,489.68,407.76,81.92,16.72,14.26,2.46,85,53
2025-07-21 08:52:29,3,83,489.68,407.76,81.92,16.72,14.27,2.45,85,47
2025-07-21 08:52:30,3,83,489.68,407.76,81.92,16.72,14.28,2.44,85,47
2025-07-21 08:52:31,3,83,489.68,407.76,81.92,16.72,14.29,2.43,86,40
2025-07-21 08:52:32,3,83,489.68,407.76,81.92,16.72,14.29,2.43,86,39
2025-07-21 08:52:33,3,83,489.68,407.76,81.92,16.72,14.3,2.42,86,39
2025-07-21 08:52:34,3,83,489.68,407.76,81.92,16.72,14.28,2.44,85,32
2025-07-21 08:52:35,3,83,489.68,407.76,81.92,16.72,14.25,2.47,85,43
2025-07-21 08:52:36,3,83,489.68,407.76,81.92,16.72,14.12,2.6,84,30
2025-07-21 08:52:37,3,83,489.68,407.76,81.92,16.72,14.11,2.61,84,19
2025-07-21 08:52:38,3,83,489.68,407.76,81.92,16.72,14.11,2.6,84,20
2025-07-21 08:52:39,3,83,489.68,407.76,81.92,16.72,14.11,2.61,84,33
2025-07-21 08:52:40,3,83,489.68,407.76,81.92,16.72,14.13,2.59,84,19
2025-07-21 08:52:41,3,83,489.68,407.76,81.92,16.72,14.1,2.61,84,18
2025-07-21 08:52:42,3,83,489.68,407.76,81.92,16.72,14.09,2.63,84,24
2025-07-21 08:52:43,3,83,489.68,407.76,81.92,16.72,14.09,2.63,84,35
2025-07-21 08:52:44,3,83,489.68,407.76,81.92,16.72,14.11,2.61,84,22
2025-07-21 08:52:45,3,83,489.68,407.76,81.92,16.72,14.1,2.62,84,18
2025-07-21 08:52:46,3,83,489.68,407.76,81.92,16.72,14.08,2.64,84,15
2025-07-21 08:52:47,3,83,489.68,407.76,81.92,16.72,14.08,2.64,84,19
2025-07-21 08:52:48,3,83,489.68,407.76,81.92,16.72,14.09,2.63,84,20
2025-07-21 08:52:49,3,83,489.68,407.76,81.92,16.72,14.07,2.65,84,19
2025-07-21 08:52:50,3,83,489.68,407.76,81.92,16.72,14.07,2.65,84,14
2025-07-21 08:52:51,3,83,489.68,407.76,81.92,16.72,14.01,2.71,84,23
2025-07-21 08:52:52,3,83,489.68,407.76,81.92,16.72,13.98,2.74,84,24
2025-07-21 08:52:53,3,83,489.68,407.76,81.92,16.72,14.0,2.72,84,33
2025-07-21 08:52:54,3,83,489.68,407.76,81.92,16.72,13.99,2.73,84,14
2025-07-21 08:52:55,3,83,489.68,407.76,81.92,16.72,13.98,2.74,84,21
2025-07-21 08:52:56,3,83,489.68,407.76,81.92,16.72,13.97,2.74,84,14
2025-07-21 08:52:57,3,83,489.68,407.76,81.92,16.72,13.98,2.74,84,16
2025-07-21 08:52:58,3,83,489.68,407.76,81.92,16.72,13.9,2.82,83,16
2025-07-21 08:52:59,3,83,489.68,407.76,81.92,16.72,13.84,2.88,83,14
2025-07-21 08:53:00,3,83,489.68,407.76,81.92,16.72,13.83,2.89,83,15
2025-07-21 08:53:01,3,83,489.68,407.76,81.92,16.72,13.83,2.89,83,11
2025-07-21 08:53:02,3,83,489.68,407.76,81.92,16.72,13.84,2.88,83,20
2025-07-21 08:53:03,3,83,489.68,407.76,81.92,16.72,13.89,2.83,83,17
2025-07-21 08:53:32,3,83,489.68,407.76,81.91,16.72,13.76,2.96,82,44
2025-07-21 08:54:32,3,83,489.68,407.76,81.91,16.72,13.79,2.93,82,43
2025-07-21 08:54:51,3,83,489.68,407.76,81.92,16.72,13.86,2.85,83,20
2025-07-21 08:54:52,3,83,489.68,407.76,81.92,16.72,13.79,2.93,82,23
2025-07-21 08:54:52,3,83,489.68,407.76,81.92,16.72,13.78,2.94,82,21
2025-07-21 08:54:53,3,83,489.68,407.76,81.92,16.72,13.78,2.94,82,28
2025-07-21 08:54:53,3,83,489.68,407.76,81.92,16.72,13.78,2.94,82,29
2025-07-21 08:54:53,3,83,489.68,407.76,81.92,16.72,13.82,2.9,83,23
2025-07-21 08:54:54,3,83,489.68,407.76,81.92,16.72,13.83,2.89,83,15
2025-07-21 08:54:54,3,83,489.68,407.76,81.92,16.72,13.82,2.89,83,15
2025-07-21 08:54:55,3,83,489.68,407.76,81.92,16.72,13.82,2.9,83,24
2025-07-21 08:54:55,3,83,489.68,407.76,81.92,16.72,13.8,2.91,83,22
2025-07-21 08:54:56,3,83,489.68,407.76,81.92,16.72,13.79,2.93,82,33
2025-07-21 08:54:56,3,83,489.68,407.76,81.92,16.72,13.81,2.91,83,22
2025-07-21 08:54:57,3,83,489.68,407.76,81.92,16.72,13.82,2.9,83,21
2025-07-21 08:54:57,3,83,489.68,407.76,81.92,16.72,13.81,2.91,83,28
2025-07-21 08:54:58,3,83,489.68,407.76,81.92,16.72,13.81,2.91,83,27
2025-07-21 08:54:58,3,83,489.68,407.76,81.92,16.72,13.79,2.93,82,14
2025-07-21 08:54:59,3,83,489.68,407.76,81.92,16.72,13.79,2.93,82,25
2025-07-21 08:54:59,3,83,489.68,407.76,81.92,16.72,13.78,2.94,82,22
2025-07-21 08:55:00,3,83,489.68,407.76,81.92,16.72,13.79,2.93,82,19
2025-07-21 08:55:01,3,83,489.68,407.76,81.92,16.72,13.78,2.94,82,19
2025-07-21 08:55:01,3,83,489.68,407.76,81.92,16.72,13.77,2.95,82,19
2025-07-21 08:55:02,3,83,489.68,407.76,81.92,16.72,13.76,2.95,82,15
2025-07-21 08:55:02,3,83,489.68,407.76,81.92,16.72,13.78,2.94,82,34
2025-07-21 08:55:03,3,83,489.68,407.76,81.92,16.72,13.77,2.95,82,36
